Workbook

Sheet Tox Book
A1: INTOXICATE Status | B1: DOS | C1: Name | D1: DOB | E1: MRN | F1: Substance | G1: toxIC ID | H1: Pt code | I1: ICD-10 | J1: OUD supplemental | K1: RA | L1: Notes | M1: Redcap | N1: Smartsheet
A2: added to INTOXICATE tab | B2: 44954 | C2: Lauren Holly | D2: 35068 | E2: 1401090590 | F2: Ethanol | G2: 131515-1 | H2: WCM2023-1 | I2: F10.10? | K2: SR
A3: added to INTOXICATE tab | B3: 44958 | C3: Avery Grace | D3: 32649 | E3: 1001720769 | F3: Ethanol | G3: 131515-2 | H3: WCM2023-2 | I3: R41.82 | K3: SR
B4: 44958 | C4: Zaki Lantos | D4: 41278 | E4: 1011053895 | F4: Cannabis | G4: 131515-3 | H4: WCM2023-3 | I4: F19.920 | K4: SR
A5: added to INTOXICATE tab | B5: 44959 | C5: Jose Guszman | D5: 38504 | E5: 1401096023 | F5: Ethanol | G5: 131515-4 | H5: WCM2023-4 | I5: F10.10 | K5: SR
A6: added to INTOXICATE tab | B6: 44962 | C6: Bertha Niola | D6: 31656 | E6: 1006629455 | F6: CO intox | G6: 131515-6 | H6: WCM2023-6 | I6: T58.91XA | K6: SR | L6: Progress note only
A7: added to INTOXICATE tab | B7: 44962 | C7: Anna Dalbello | D7: 12547 | E7: 1010033242 | F7: AMS | G7: 131515-7 | H7: WCM2023-7 | K7: SR | L7: Consult note
A8: added to INTOXICATE tab | B8: 44988 | C8: Eliot Pandev | D8: 44372 | E8: 1400361697 | F8: possible APAP | G8: 131515-5 | H8: WCM2023-5 | K8: CH
A9: added to INTOXICATE tab | B9: 44990 | C9: Carol Toscano | D9: 23473 | E9: 1001694549 | F9: Bupropion | G9: 131515-8 | H9: WCM2023-8 | K9: CH
A10: added to INTOXICATE tab | B10: 45003 | C10: Yvelisse Severino | D10: 20739 | E10: 1006139627 | F10: Household - cleaning product | G10: 131515-9 | H10: WCM2023-9 | K10: CH
A11: added to INTOXICATE tab | B11: 45000 | C11: Madeline Cheung | D11: 39724 | E11: 1009487000 | F11: Escitalopram | G11: 131515-10 | H11: WCM2023-10 | K11: CH
A12: Excluded | B12: 45011 | C12: Gabriel Alhaddad | D12: 40406 | E12: 1401099922 | F12: none identified | G12: 131515-11 | H12: WCM2023-11 | K12: CH
A13: Excluded | B13: 45004 | C13: Moshe Blau | D13: 38014 | E13: 1010178079 | F13: Lithium/s. cannab | G13: 131515-12 | H13: WCM2023-12 | K13: SR
A14: Excluded | B14: 45010 | C14: Albert Hartell | D14: 39197 | E14: 1400775825 | F14: Polysubstance | G14: 131515-13 | H14: WCM2023-13 | K14: SR
A15: added to INTOXICATE tab | B15: 45010 | C15: Sara Jones | D15: 31154 | E15: 1401159022 | F15: EtOH | G15: 131515-14 | H15: WCM2023-14 | K15: SR
A16: Excluded | B16: 45010 | C16: Katharine Weber | D16: 36995 | E16: 1008398675 | G16: 131515-15 | H16: WCM2023-15 | K16: SR
A17: added to INTOXICATE tab | B17: 44995 | C17: Angelo Woodley Sinclair | D17: 24330 | E17: 1401141829 | F17: Fluoxetine, lamictal, alprazolam | G17: 131515-16 | H17: WCM2023-16 | I17: T50.902A | K17: CH
A18: Excluded | B18: 45010 | C18: George Friedlander | D18: 35373 | E18: 1003874435 | G18: 131515-17 | H18: WCM2023-17 | I18: R09.89; K50.90 | K18: SR
A19: added to INTOXICATE tab | B19: 45011 | C19: Alexander Rando | D19: 36996 | E19: 1008108363 | F19: EtOH | G19: 131515-18 | H19: WCM2023-18 | I19: R09.89 | K19: SR
A20: added to INTOXICATE tab | B20: 45019 | C20: Peyson Sam | D20: 41285 | E20: 1101578680 | F20: unknown substance (drugs in home include acetaminophen, ibuprofen, or lisinopril) | G20: 131515-19 | H20: WCM2023-19 | K20: CH | N20: not on Smartsheet
A21: added to INTOXICATE tab | B21: 45020 | C21: Naheed Masroor | D21: 22077 | E21: 1000053365 | F21: Lorazepam | G21: 131515-20 | H21: WCM2023-20 | K21: CH | N21: both
A22: added to INTOXICATE tab | B22: 45011 | C22: Diane Pedrez | D22: 24743 | E22: 1100404076 | F22: Gabapentin, Fioricet | G22: 131515-21 | H22: WCM2023-21 | I22: R41.82 | K22: SR
A23: added to INTOXICATE tab | B23: 45011 | C23: Annie Lai | D23: 29427 | E23: 1007809059 | F23: Bupropion | G23: 131515-22 | H23: WCM2023-22 | I23: V15.89 V72.6 G40 | K23: SR
A24: added to INTOXICATE tab | B24: 45011 | C24: Theo Rosenthal | D24: 26526 | E24: 1011109895 | F24: Tylenol overdose | G24: 131515-23 | H24: WCM2023-23 | I24: T14.91XA T39.1X1A | K24: SR
A25: added to INTOXICATE tab | B25: 45004 | C25: Richard Bennett | D25: 26635 | E25: 1102644291 | F25: OD levatiracetam | G25: 131515-24 | H25: WCM2023-24 | I25: T50. 902A | K25: SR
A26: Excluded | B26: 45014 | C26: Nic Platt | D26: 13219 | E26: 1100515863 | F26: Verapimil | G26: 131515-25 | H26: WCM2023-25 | I26: R09.89 R00.1 | K26: SR | L26: calcium channel toxicity
A27: Excluded | B27: 45014 | C27: Elizabeth Molina | D27: 42816 | E27: 1401164435 | F27: OD Risperidone | G27: 131515-26 | H27: WCM2023-26 | I27: T43.591A | K27: SR
A28: Excluded | B28: 45023 | C28: Victor Solis | D28: 36182 | E28: 1006210420 | F28: N/A | G28: N/A | H28: N/A | I28: N/A | K28: CH | L28: tox consulted for possible CO exposure but it was ruled out. Patient did have EtOH intoxication but unrelated to presentation. | M28: No | N28: both
A29: Excluded | B29: 45024 | C29: Julissa Rivera | D29: 26514 | E29: 1007851286 | H29: not added yet | K29: CH | L29: not in redcap - question on whether this is considered a tox exposure | N29: both
A30: added to INTOXICATE tab | B30: 45026 | C30: Alexander Rutherfoord | D30: 33457 | E30: 1400587005 | F30: MDMA, THC, ketamine | G30: 131515-27 | H30: WCM2023-27 | K30: CH | N30: both | O30: Dr. Rao "progress note" Inpatient consult to toxicology CON67 in referrals Inpatient consult to toxicology in orders
A31: Excluded | B31: 45032 | C31: Violet Warsavsky | D31: 44216 | E31: 1400182363 | F31: estradiol pills | G31: 131515-28 | H31: WCM2023-28 | K31: CH | N31: both
A32: Excluded | B32: 45032 | C32: Gustav Seliger | D32: 13727 | E32: 1004568326 | H32: not added yet | K32: CH | L32: consult for possible benzo OD, however, progress note on 4/17/2023 seems to rule out this was the cause of symptoms "Initially obtundation thought to be 2/2 poly-pharmacy, although lack of improvement I/s/o absence of severe renal and hepatic dysfunction make such hypothesis less likely. I spoke at length to the patient's wife and son today. Neither has seen evidence of empty pill bottles or rummaging through the medicine cabinet that would suggest an intentional overdose." | N32: both
A33: Excluded | B33: 45032 | C33: Amere Mercado | D33: 37438 | E33: 1006210897 | F33: capsaicin | G33: 131515-29 | H33: WCM2023-29 | K33: CH | N33: not on Smartsheet
A34: Excluded | B34: 45035 | C34: James Clark | D34: 16154 | E34: 1008799858 | F34: AMS | K34: SR | L34: pt presented for mania and dillirium. chronic behavioral change with manic, impulsive behavior, paranoia, and agitation. He underwent extensive medical workup unrevealing of reversible cause. Neurology team suspects neurodegenerative disorder based on history and brain volume loss. Per psychiatry, his presentation is likely a combination of neurocognitive disorder in the setting of possible longstanding hypomania. UA, RVP, ESR, CRP, Procal, TSH/FT4, folate, B12, ammonia, HIV, RPR, heavy metal panel, and thallium level were unrevealing. benzo positive. pt received IV Thiamine supplementation | M34: NO | N34: both
A35: added to INTOXICATE tab | B35: 45035 | C35: Caroline Ritter | D35: 27789 | E35: 1006702172 | F35: AMS, toxic alcohol unspecified | G35: 131515-31 | H35: 131515-31 | K35: SR | N35: both
B36: 45036 | C36: Caroline Ritter | D36: 27789 | E36: 1006702172
B37: 45036 | C37: Zunilda Estevez | D37: 19953 | E37: 1000011302 | F37: Septic shock with multisystem organ failure NSTEMI Chronic opioid use disorder | N37: not on Smartsheet
B38: 45036 | C38: Emilie Laverdiere | D38: 43547 | E38: 1201281826 | N38: not on Smartsheet
A39: Excluded | B39: 45036 | C39: Owen Miguel Blanco-Kenny | D39: 44269 | E39: 1400242416 | F39: N/A | G39: N/A | H39: N/A | I39: N/A | K39: CH | L39: tox cause r/o | M39: No | N39: not on Smartsheet
A40: added to INTOXICATE tab | B40: 45037 | C40: Michael Maccini | D40: 22419 | E40: 1007329807 | F40: EtOH, Venlafaxine | G40: 131515-30 | H40: WCM2023-30 | K40: SR | N40: not on Smartsheet
A41: Excluded | B41: 45037 | C41: Jennifer Munoz | D41: 33934 | E41: 1102834880 | F41: Pepto-Bismol | G41: 131515-35 | H41: WCM2023-35 | K41: CH | N41: both
A42: added to INTOXICATE tab | B42: 45038 | C42: Gerard Mcmahon | D42: 30897 | E42: 1102416341 | F42: Tylenol | G42: 131515-32 | H42: WCM2023-32 | K42: CH | N42: both
A43: Excluded | B43: 45038 | C43: Richard Quinn | D43: 22739 | E43: 1102877485 | F43: insecticide - permethrin | G43: 131515-36 | H43: WCM2023-36 | K43: CH | N43: both
A44: added to INTOXICATE tab | B44: 45038 | C44: Elynhacene Merfut | D44: 34460 | E44: 1401192570 | F44: advil, melatonin, etoh | G44: 131515-33 | H44: WCM2023-33 | K44: CH | N44: both
A45: Excluded | B45: 45038 | C45: Estelle Altman | D45: 10744 | E45: 1201620056 | F45: N/A | G45: N/A | H45: N/A | I45: N/A | K45: CH | L45: Tox consulted and followed patient for possible methemoglobin or sulfhemoglobin but r/o | M45: No | N45: both
A46: Excluded | B46: 45040 | C46: Estelle Altman | D46: 10744 | E46: 1201620056
A47: Excluded | B47: 45040 | C47: Richard Bennett | D47: 26635 | E47: 1102644291 | F47: keppra | G47: 131515-34 | H47: WCM2023-34 | K47: CH | N47: both
A48: Excluded | B48: 45040 | C48: Penelope Sabharwal | D48: 44691 | E48: 1401193367 | F48: eucalyptus | G48: 131515-37 | H48: WCM2023-37 | K48: CH | N48: not on Smartsheet
A49: added to INTOXICATE tab | B49: 45040 | C49: Jeff Schiff | D49: 24525 | E49: 1009103377 | F49: crystal meth, GHB | G49: 131515-38 | H49: WCM2023-38 | K49: CH | N49: not on Smartsheet
A50: added to INTOXICATE tab | B50: 45041 | C50: Robert Llin | D50: 29661 | E50: 1101010685 | F50: methadone | G50: 131515-39 | H50: WCM2023-39 | K50: CH | N50: not on Smartsheet
A51: added to INTOXICATE tab | B51: 45041 | C51: William Quiles | D51: 26088 | E51: 1002805912 | F51: lithium | G51: 131515-40 | H51: WCM2023-40 | K51: CH | N51: not on Smartsheet
B52: 45042 | C52: William Quiles | D52: 26088 | E52: 1002805912 | N52: not on Smartsheet
B53: 45043 | C53: William Quiles | D53: 26088 | E53: 1002805912 | N53: not on Smartsheet
B54: 45041 | C54: Isaias Villa | D54: 35910 | E54: 1002325547 | F54: THC | G54: N/A | H54: N/A | K54: CH | L54: THC ingestion, however, tox consult notes that presentation is not consistent with THC use. | M54: No | N54: not on Smartsheet
A55: Excluded | B55: 45041 | C55: Melissa Alvarado | D55: 37854 | E55: 1401194719 | F55: N/A | G55: N/A | H55: N/A | K55: CH | L55: patient presented following what she thinks was a panic attack. during presentation, disclosed she ingested an unknown amount of her mother's pills 4 days prior. tox consulted and given time period, patient was cleared from a tox perspective | M55: No | N55: not on Smartsheet
B56: 45042 | C56: Ruby Koppel | D56: 14453 | E56: 1000394532 | K56: CH | L56: increasing Li level secondary to decreased clearance due to acute renal failure and leukocytosis | N56: both
A57: added to INTOXICATE tab | B57: 45042 | C57: Mahaut Brooks | D57: 36031 | E57: 1103414115 | F57: oxycodone, methadone, clonazepam, ketamine, MDMA | G57: 131515-42 | H57: WCM2023-42 | K57: CH | N57: both
B58: 45042 | C58: Brittany Saunders | D58: 36334 | E58: 1401198071 | N58: not on Smartsheet
B59: 45042 | C59: Sean Kolenovic | D59: 39160 | E59: 1008151593 | F59: dexmethylphenidate | G59: 131515-41 | H59: WCM2023-41 | K59: CH | N59: both
B60: 45043 | C60: Sean Kolenovic | D60: 39160 | E60: 1008151593
B61: 45044 | C61: Marissa Hosein | D61: 35205 | E61: 1009864469 | N61: not on Smartsheet
A62: Excluded | B62: 45048 | C62: Keifer Kurtz | D62: 34031 | E62: 1203189615 | F62: N/A | G62: N/A | H62: N/A | I62: N/A | K62: CH | L62: Patient was concerned of serotonin syndrome following syncopal episode. Cleared by tox - symptoms did not meet criteria for serotonin syndrome | M62: No | N62: both
A63: added to INTOXICATE tab | B63: 45048 | C63: Michael Coelho | D63: 33118 | E63: 1000326621 | F63: gabapentin, trazodonex | G63: 131515-43 | H63: WCM2023-43 | K63: SR | N63: both
A64: added to INTOXICATE tab | B64: 45050 | C64: Shira Klatzko | D64: 34229 | E64: 1401206978 | F64: Codein, Tramadol, Lorazepam, Diazepam, Alprozolam | G64: 131515-44 | H64: WCM2023-44 | I64: F13.939 | K64: SR | N64: both
A65: added to INTOXICATE tab | B65: 45050 | C65: Ilia Bezdetko | D65: 33452 | E65: 1401207030 | F65: Hydroxyzine, Wellbutrin | G65: 131515-45 | H65: WCM2023-45 | K65: SR | N65: both
A66: added to INTOXICATE tab | B66: 45050 | C66: Albert Hartell | D66: 39197 | E66: 1400775825 | F66: oxycodone, promethazine hydrochlorate, fentanyl | G66: 131515-46 | H66: WCM2023-46 | K66: CH | N66: both
B67: 45051 | C67: Kristiana Hubley | D67: 32356 | E67: 1400765238 | F67: albendazole; sertraline? | G67: 131515-47 | H67: WCM2023-47 | I67: G92 | K67: SR | N67: both
A68: added to INTOXICATE tab | B68: 45051 | C68: Kanak Sharma | D68: 32124 | E68: 1401208505 | F68: Tylenol | G68: 131515-48 | H68: WCM2023-48 | K68: CH | N68: both
A69: added to INTOXICATE tab | B69: 45051 | C69: Kassandra Munoz | D69: 34649 | E69: 1100390034 | F69: Advil | G69: 131515-49 | H69: WCM2023-49 | K69: CH | N69: both
B70: 45051 | C70: Rita Acevedo | D70: 16710 | E70: 1010821889 | F70: Heparin drip error | G70: 131515-50 | H70: WCM2023-50 | K70: CH | N70: both
A71: added to INTOXICATE tab | B71: 45052 | C71: Damon Chin | D71: 38403 | E71: 1401161378 | F71: remote THC and shroom use in setting of chest pain | G71: 131515-51 | H71: WCM2023-51 | K71: CH | L71: need to answer mushroom exposure question in both redcap and PDF | N71: both
A72: Excluded | B72: 45052 | C72: Juan Chilan | D72: 27078 | E72: 1401209998 | F72: hydrofloric acid exposure | G72: 131515-52 | H72: WCM2023-52 | I72: R68.89 | K72: SR | N72: both
A73: added to INTOXICATE tab | B73: 45052 | C73: Daniel Dominguez | D73: 39129 | E73: 1401210342 | F73: EtOH, Cannabis | K73: SR | L73: did not enter into redcap | N73: both
B74: 45056 | C74: Gabriel Dayan | D74: 25351 | E74: 1401182212 | I74: R20.2 | K74: SR | L74: Not on redcap - Tingling, no tox consult | N74: both
A75: added to INTOXICATE tab | B75: 45056 | C75: Hing Wai Lam | D75: 26731 | E75: 1401215589 | F75: on lithium | G75: 131515-53 | H75: WCM2023-53 | K75: SR | L75: ** | N75: both
A76: Excluded | B76: 45057 | C76: Grace Lesser | D76: 44349 | E76: 1401216040 | F76: Tide Pod | G76: 131515-54 | H76: WCM2023-54 | K76: CH | N76: both
A77: added to INTOXICATE tab | B77: 45058 | C77: Itta Barber | D77: 38899 | E77: 1401138268 | F77: CBD/THC gummies | G77: 131515-55 | H77: WCM2023-55 | I77: F12.129 | K77: SR | L77: ** | N77: not on Smartsheet
A78: added to INTOXICATE tab | B78: 45058 | C78: Kathryne Gigler | D78: 32459 | E78: 1102188394 | F78: IVDU, Fentanyl, Xylazine | G78: 131515-56 | H78: WCM2023-56 | I78: F11.20, F19.10 | K78: SR | L78: ** | N78: not on Smartsheet
A79: added to INTOXICATE tab | B79: 45059 | C79: Sheylene Mercado | D79: 38107 | E79: 1401098593 | F79: venlaxfaxine, lamotrigine | G79: 131515-57 | H79: WCM2023-57 | K79: CH | N79: not on Smartsheet
B80: 45059 | C80: Jan Willem W Van Haaren | D80: 21780 | E80: 1009803334 | F80: niacin | G80: 131515-58 | H80: WCM2023-58 | K80: CH | N80: not on Smartsheet
A81: added to INTOXICATE tab | B81: 45061 | C81: Reem Alamri | D81: 43803 | E81: 1400616084 | F81: Mirtazapine | G81: 131515-59 | H81: WCM2023-59 | K81: CH | N81: not on Smartsheet
A82: added to INTOXICATE tab | B82: 45061 | C82: Moshe Elirone | D82: 39826 | E82: 1009024651 | F82: Tylenol, ibuprofen, risperdol, zyrtec, wine | G82: 131515-60 | H82: WCM2023-60 | K82: CH | N82: not on Smartsheet
A83: added to INTOXICATE tab | B83: 45063 | C83: Richard Bennett | D83: 26635 | E83: 1102644291 | F83: Gabapentin | G83: 131515-61 | H83: WCM2023-61 | K83: CH | N83: not on Smartsheet
A84: added to INTOXICATE tab | B84: 45064 | C84: Mallorie Brehm | D84: 37644 | E84: 1401224985 | F84: alcohol, patient concerned she was given "roofie" | G84: 131515-62 | H84: WCM2023-62 | K84: CH | N84: not on Smartsheet
B85: 45064 | C85: Nicholas Samstag | D85: 20089 | E85: 1001688210 | F85: Thiazide | G85: 131515-65 | H85: WCM2023-65 | K85: CH | N85: not on Smartsheet
A86: Excluded | B86: 45066 | C86: Elliott Josiah Santiago | D86: 44277 | E86: 1401075971 | F86: laundry detergent | G86: 131515-63 | H86: WCM2023-63 | K86: CH | N86: not on Smartsheet
A87: Excluded | B87: 45066 | C87: Krystle Bonifaz | D87: 31805 | E87: 1102894735 | F87: laundry detergent | G87: 131515-64 | H87: WCM2023-64 | K87: CH | N87: not on Smartsheet
A88: added to INTOXICATE tab | B88: 45067 | C88: Alana Rush | D88: 35082 | E88: 1102295028 | F88: Chloramine gas | G88: 131515-66 | H88: WCM2023-66 | K88: CH | N88: not on Smartsheet
B89: 45068 | C89: Richard Bennett | D89: 26635 | E89: 1000299299 | F89: Gabapentin | G89: 131515-67 | H89: WCM2023-67 | K89: CH | N89: both
B90: 45069 | C90: Richard Bennett | D90: 26635 | E90: 1000299299 | F90: Keppra | G90: 131515-68 | H90: WCM2023-68 | K90: CH | N90: both
A91: added to INTOXICATE tab | B91: 45069 | C91: Hunter Hahm | D91: 39279 | E91: 1008508665 | F91: Acetaminophen | G91: 131515-69 | H91: WCM2023-69 | K91: CH | N91: both
A92: added to INTOXICATE tab | B92: 45069 | C92: Erisbel Tejada | D92: 38183 | E92: 1401239791 | F92: Motrin | G92: 131515-70 | H92: WCM2023-70 | K92: CH | N92: both
A93: added to INTOXICATE tab | B93: 45069 | C93: Quadir Kennedy | D93: 39500 | E93: 1011109716 | F93: THC gummy | G93: 131515-71 | H93: WCM2023-71 | K93: CH | N93: both
A94: added to INTOXICATE tab | B94: 45070 | C94: Lucia Hufnagel-Cano | D94: 39456 | E94: 1008550250 | F94: Tylenol | G94: 131515-72 | H94: WCM2023-72 | K94: CH | N94: both
A95: added to INTOXICATE tab | B95: 45071 | C95: Scarlett Clevenger | D95: 38640 | E95: 1201301817 | F95: Trazodone | G95: 131515-73 | H95: WCM2023-73 | K95: CH | N95: both
A96: Excluded | B96: 45076 | C96: Luck Li | D96: 44987 | E96: 1401130616 | F96: essential oils | G96: 131515-74 | H96: WCM2023-74 | K96: CH | N96: both
A97: added to INTOXICATE tab | B97: 45078 | C97: Arisa Tyler | D97: 38736 | E97: 1102506734 | F97: prozac | G97: 131515-75 | H97: WCM2023-75 | K97: CH | N97: both
A98: added to INTOXICATE tab | B98: 45078 | C98: Roman Arkhipov | D98: 34412 | E98: 1401249635 | F98: unknown substance; suspicion for synthetic cathinones | G98: 131515-76 | H98: WCM2023-76 | K98: CH | N98: both
A99: Excluded | B99: 45078 | C99: Anibel Bravo | D99: 33298 | E99: 1401250379 | F99: hydrofluoric acid burn | G99: 131515-77 | H99: WCM2023-77 | K99: CH | N99: both
A100: added to INTOXICATE tab | B100: 45078 | C100: Mayra Guedez | D100: 37528 | E100: 1401250968 | F100: tylenol | G100: 131515-78 | H100: WCM2023-78 | K100: CH | N100: both
...

Sheet INTOXICATE
A1: ToxIC ID | B1: Gender | C1: Exposure Category | D1: Age | E1: Pulse | F1: SBP | G1: GCS | H1: Respiratory Insufficiency | I1: Cirrhosis | J1: Dysrhythmia | K1: Secondary Reason for ICU Admission | L1: INTOXICATE SCORE | M1: Optimized Predicted Disposition | N1: Predicted Disposition | O1: Predicted Ignore Sinus | P1: Predicted Ignore Sinus < 140 | Q1: Actual Disposition | R1: Substance of Exposure | S1: Longer Term Complication | T1: 30-Day Mortality | U1: In Retrospect Required ICU | V1: Additional Disposition Notes | W1: Confirmed Exposure | X1: Primary Etiology Tox | Y1: Categorial Values
A2: 131515-97 | B2: F | C2: Street Drugs | D2: 1 | E2: 114 | F2: 120 | G2: 15 | H2: No | I2: No | J2: No | K2: No | L2: 5 | M2: =IF($L2>17,"ICU","GMF") -> GMF | N2: GMF | Q2: Discharge | R2: possbile adderall 10 mg | S2: No | T2: No | U2: No | V2: Sinus tachycardia infaltes INTOXICATE's recommendations, drug test was cancelled due to "unable" No symptoms thus no primary etiology tox (only reason for admission was tox though) | W2: Unconfirmed | X2: Yes | Y2: Yes | AA2: Exposure Values | AB2: Confirmed Values
A3: 131515-5 | B3: F | C3: Analgesic | D3: 2 | E3: 116 | F3: NaN | G3: 15 | H3: No | I3: No | J3: No | K3: No | M3: =IF($L3>17,"ICU","GMF") -> GMF | Q3: Discharge | R3: Tylenol | S3: No | T3: No | W3: Confirmed -Yes | X3: Yes | Y3: No | AA3: Alcohol | AB3: Confirmed -Yes
A4: 131515-95 | B4: M | C4: Sedatives | D4: 2 | E4: 112 | F4: NaN | G4: 15 | H4: No | I4: No | J4: No | K4: No | M4: =IF($L4>17,"ICU","GMF") -> GMF | Q4: Discharge | R4: possible 10 mg THC gummy | S4: No | T4: No | U4: No | V4: clinical signs of intox pediatric THC intox, Drug test cancelled ("lab auto cancel no specimen received") | W4: Unconfirmed | X4: Yes | AA4: Analgesic | AB4: Confirmed- No
A5: 131515-59 | B5: F | C5: Antidepressants | D5: 3 | E5: 102 | F5: 92 | G5: 15 | H5: No | I5: No | J5: No | K5: No | L5: 7 | M5: =IF($L5>17,"ICU","GMF") -> GMF | N5: ICU | Q5: Discharge | R5: 30mg mirtazapine | S5: No | T5: No | U5: No | V5: Sinus tachycardia infaltes INTOXICATE's recommendations | W5: Unconfirmed | X5: Yes | AA5: Antidepressants | AB5: Unconfirmed
B6: M | C6: CO, As, CN | D6: 7 | E6: 127 | F6: 93 | G6: 15 | H6: Yes | I6: No | J6: Yes | K6: No | L6: 15 | M6: =IF($L6>17,"ICU","GMF") -> GMF | N6: ICU | Q6: Discharge | R6: CO | S6: No | T6: No | U6: No | W6: Confirmed -Yes | X6: Yes | AA6: Street Drugs | AB6: N/A - Withdrawal
B7: F | C7: CO, As, CN | D7: 8 | E7: 117 | F7: 112 | G7: 15 | H7: Yes | I7: No | J7: Yes | K7: No | L7: 12 | M7: =IF($L7>17,"ICU","GMF") -> GMF | N7: ICU | Q7: Discharge | R7: CO | S7: No | T7: No | U7: No | W7: Confirmed -Yes | X7: Yes | AA7: Sedatives
B8: M | C8: Antidepressants | D8: 10 | E8: 100 | F8: 114 | G8: 15 | H8: No | I8: No | J8: No | K8: No | L8: 4 | M8: =IF($L8>17,"ICU","GMF") -> GMF | N8: GMF | Q8: Discharge | R8: 225 mg zoloft | S8: No | T8: No | U8: No | W8: Unconfirmed | X8: Yes | AA8: CO, As, CN
A9: 131515-19 | B9: F | C9: Unknown | D9: 10 | E9: 120 | F9: 105 | G9: 15 | H9: No | I9: No | J9: Yes | K9: No | L9: 13 | M9: =IF($L9>17,"ICU","GMF") -> GMF | N9: ICU | Q9: Discharge | R9: took various pills from a cabinet with multiple medications | S9: No | T9: No | U9: No | V9: EKG with sinius tachycardia | W9: Unconfirmed | X9: Yes | AA9: Unknown
A10: 131515-79 | B10: F | C10: Analgesic | D10: 12 | E10: 81 | F10: 106 | G10: 15 | H10: No | I10: No | J10: No | K10: No | L10: 4 | M10: =IF($L10>17,"ICU","GMF") -> GMF | N10: GMF | Q10: Discharge | R10: Percocet | S10: No | T10: No | U10: No | W10: Confirmed- No | X10: Yes | AA10: Combination
A11: 131515-88 | B11: F | C11: Combination | D11: 12 | E11: 91 | F11: 116 | G11: 15 | H11: No | I11: No | J11: No | K11: No | L11: 3 | M11: =IF($L11>17,"ICU","GMF") -> GMF | N11: GMF | Q11: Discharge | R11: oxycodone and ibuprofen | S11: No | T11: No | U11: No | V11: Transfer to psych, no specimen for drug test received | W11: Unconfirmed | X11: Yes
B12: F | C12: Unknown | D12: 12 | E12: 97 | F12: 127 | G12: 14 | H12: No | I12: No | J12: No | K12: No | L12: 5 | M12: =IF($L12>17,"ICU","GMF") -> GMF | N12: GMF | Q12: Discharge | R12: inahled powdered glue from sticker collection; tox also + for oxycodone & opiates | S12: No | T12: No | U12: No | V12: Transfer to psych | W12: Confirmed -Yes | X12: Yes
B13: NB | C13: Antidepressants | D13: 13 | E13: 114 | F13: 119 | G13: 15 | H13: No | I13: No | J13: Yes | K13: No | L13: 10 | M13: =IF($L13>17,"ICU","GMF") -> GMF | N13: ICU | Q13: Discharge | R13: zoloft | S13: No | T13: No | U13: No | V13: Transfer to psych | W13: Unconfirmed | X13: Yes
B14: F | C14: Unknown | D14: 13 | E14: 101 | F14: 104 | G14: 15 | H14: No | I14: No | J14: Yes | K14: No | L14: 12 | M14: =IF($L14>17,"ICU","GMF") -> GMF | N14: ICU | Q14: Discharge | R14: ingestion of two home cleaning solutions (Shout & Cascade) | S14: No | T14: No | U14: No | V14: Transfer to psych | W14: Unconfirmed | X14: Yes
A15: 131515-10 | B15: F | C15: Antidepressants | D15: 14 | E15: 97 | F15: 116 | G15: 15 | H15: No | I15: No | J15: No | K15: No | L15: 4 | M15: =IF($L15>17,"ICU","GMF") -> GMF | N15: GMF | Q15: Discharge | S15: No | T15: No | W15: Unconfirmed | X15: Yes
A16: 131515-60 | B16: M | C16: Analgesic | D16: 14 | E16: 101 | F16: 107 | G16: 15 | H16: No | I16: No | J16: Yes | K16: No | L16: 11 | M16: =IF($L16>17,"ICU","GMF") -> GMF | N16: ICU | Q16: Discharge | R16: analgesic (dominant ingestion) - 2,000mg of tylenol, 2200mg of ibuprofen, 1mg risperdol, 10mg of zyrtec and 1 cup of wine | S16: No | T16: No | U16: No | W16: Confirmed -Yes | X16: Yes
B17: F | C17: Analgesic | D17: 14 | E17: 106 | F17: 131 | G17: 15 | H17: No | I17: No | J17: Yes | K17: No | L17: 9 | M17: =IF($L17>17,"ICU","GMF") -> GMF | N17: ICU | Q17: Discharge | R17: ibuprofen | S17: No | T17: No | U17: No | V17: Transfer to psych | W17: Unconfirmed | X17: Yes | AA17: Actual | AB17: ALL | AD17: PEDS | AF17: ADULT
A18: 131515-69 | B18: M | C18: Analgesic | D18: 15 | E18: 82 | F18: 118 | G18: 15 | H18: No | I18: No | J18: No | K18: No | L18: 3 | M18: =IF($L18>17,"ICU","GMF") -> GMF | N18: GMF | Q18: Discharge | R18: Tylenol | S18: No | T18: No | U18: No | W18: Confirmed -Yes | X18: Yes | AA18: ICU | AB18: =COUNTIFS($D$2:$D$115,">="&12,$Q$2:$Q$115,$AA18) -> 20 | AC18: =ROUND(100*AB18/AB$21,0) -> 19 | AD18: =COUNTIFS($D$2:$D$115,">="&12,$Q2:$Q115,$AA18, $D$2:$D$115,"<"&18) -> 4 | AE18: =ROUND(100*AD18/AD$21,0) -> 17 | AF18: =COUNTIFS($D$2:$D$115,">="& 18,$Q2:$Q115,$AA18) -> 16 | AG18: =ROUND(100*AF18/AF$21,0) -> 21
A19: 131515-71 | B19: M | C19: Street Drugs | D19: 15 | E19: 97 | F19: 110 | G19: 15 | H19: No | I19: No | J19: No | K19: No | L19: 5 | M19: =IF($L19>17,"ICU","GMF") -> GMF | N19: GMF | Q19: Discharge | R19: THC Gummy | S19: No | T19: No | U19: No | W19: Confirmed -Yes | X19: Yes | AA19: GMF | AB19: =COUNTIFS($D$2:$D$115,">="&12,$Q$2:$Q$115,$AA19) -> 16 | AC19: =ROUND(100*AB19/AB$21,0) -> 16 | AD19: =COUNTIFS($D$2:$D$115,">="&12,$Q3:$Q116,$AA19, $D$2:$D$115,"<"&18) -> 2 | AE19: =ROUND(100*AD19/AD$21,0) -> 8 | AF19: =COUNTIFS($D$2:$D$115,">="& 18,$Q3:$Q116,$AA19) -> 14 | AG19: =ROUND(100*AF19/AF$21,0) -> 18
B20: F | C20: Street Drugs | D20: 15 | E20: 79 | F20: 97 | G20: 15 | H20: No | I20: No | J20: No | K20: No | L20: 6 | M20: =IF($L20>17,"ICU","GMF") -> GMF | N20: GMF | Q20: Discharge | R20: 2mg xanax, "snorted few lines of ketamine and oxycodone", 2 small crystals of molly | S20: No | T20: No | U20: No | V20: Transfer to psych | W20: Confirmed -Yes | X20: Yes | AA20: Discharge | AB20: =COUNTIFS($D$2:$D$115,">="&12,$Q$2:$Q$115,$AA20) -> 67 | AC20: =ROUND(100*AB20/AB$21,0) -> 65 | AD20: =COUNTIFS($D$2:$D$115,">="&12,$Q4:$Q117,$AA20, $D$2:$D$115,"<"&18) -> 18 | AE20: =ROUND(100*AD20/AD$21,0) -> 75 | AF20: =COUNTIFS($D$2:$D$115,">="& 18,$Q4:$Q117,$AA20) -> 47 | AG20: =ROUND(100*AF20/AF$21,0) -> 61
A21: 131515-80 | B21: M | C21: Street Drugs | D21: 16 | E21: 73 | F21: 89 | G21: 14 | H21: No | I21: No | J21: No | K21: No | L21: 5 | M21: =IF($L21>17,"ICU","GMF") -> GMF | N21: GMF | Q21: Discharge | R21: THC Gummy | S21: No | T21: No | U21: No | W21: Confirmed -Yes | X21: Yes | AB21: =SUM(AB$18:AB$20) -> 103 | AD21: =SUM(AD$18:AD$20) -> 24 | AF21: =SUM(AF$18:AF$20) -> 77
B22: F | C22: Unknown | D22: 16 | E22: 94 | F22: 119 | G22: 15 | H22: No | I22: No | J22: No | K22: No | L22: 5 | M22: =IF($L22>17,"ICU","GMF") -> GMF | N22: GMF | Q22: Discharge | R22: ethanol and unknown pill from stranger | S22: No | T22: No | U22: No | W22: Confirmed -Yes | X22: Yes
A23: 131515-55 | B23: F | C23: Street Drugs | D23: 16 | E23: 115 | F23: 105 | G23: 15 | H23: No | I23: No | J23: Yes | K23: No | L23: 12 | M23: =IF($L23>17,"ICU","GMF") -> GMF | N23: ICU | Q23: Discharge | R23: 6 CBD (200mg total) gummies | S23: No | T23: No | U23: No | V23: Sinus tachycardia infaltes INTOXICATE's recommendations | W23: Confirmed -Yes | X23: Yes | AA23: Total | AB23: =COUNTIF($D$2:$D$155,">="&12) -> 103
B24: M | C24: Antidepressants | D24: 16 | E24: 120 | F24: 119 | G24: 15 | H24: No | I24: No | J24: Yes | K24: No | L24: 10 | M24: =IF($L24>17,"ICU","GMF") -> GMF | N24: ICU | Q24: Discharge | R24: clomipramine | S24: No | T24: No | U24: No | W24: Confirmed -Yes | X24: Yes
A25: 131515-73 | B25: F | C25: Antidepressants | D25: 17 | E25: 134 | F25: 101 | G25: 15 | H25: No | I25: No | J25: Yes | K25: No | L25: 11 | M25: =IF($L25>17,"ICU","GMF") -> GMF | N25: ICU | Q25: Discharge | R25: Trazodone | S25: No | T25: No | U25: No | V25: Transfer to psych | W25: Confirmed -Yes | X25: Yes
A26: 131515-75 | B26: F | C26: Antidepressants | D26: 17 | E26: 109 | F26: 127 | G26: 15 | H26: No | I26: No | J26: Yes | K26: No | L26: 9 | M26: =IF($L26>17,"ICU","GMF") -> GMF | N26: ICU | Q26: Discharge | R26: Prozac | S26: No | T26: No | U26: No | V26: Transfer to psych | W26: Unconfirmed | X26: Yes
B27: M | C27: Unknown | D27: 17 | E27: 115 | F27: 99 | G27: 15 | H27: No | I27: No | J27: Yes | K27: No | L27: 15 | M27: =IF($L27>17,"ICU","GMF") -> GMF | N27: ICU | Q27: Discharge | R27: wild mushroom ingestion | S27: No | T27: No | U27: No | W27: Unconfirmed | X27: Yes | Y27: Agreement
A28: 131515-70 | B28: F | C28: Analgesic | D28: 18 | E28: 87 | F28: 125 | G28: 15 | H28: No | I28: No | J28: No | K28: No | L28: 3 | M28: =IF($L28>17,"ICU","GMF") -> GMF | N28: GMF | Q28: Discharge | R28: Motrin | S28: No | T28: No | U28: No | V28: Transfer to psych | W28: Confirmed -Yes | X28: Yes | AB28: MD
B29: F | C29: CO, As, CN | D29: 18 | E29: 74 | F29: 115 | G29: 15 | H29: Yes | I29: No | J29: No | K29: No | L29: 3 | M29: =IF($L29>17,"ICU","GMF") -> GMF | N29: GMF | Q29: Discharge | R29: CO | S29: No | T29: No | U29: Policy | V29: CO poisoning | W29: Confirmed -Yes | X29: yes | AB29: ICU | AC29: Not
A30: 131515-51 | B30: M | C30: Street Drugs | D30: 18 | E30: 55 | F30: 118 | G30: 15 | H30: No | I30: No | J30: Yes | K30: No | L30: 7 | M30: =IF($L30>17,"ICU","GMF") -> GMF | N30: ICU | Q30: Discharge | S30: No | T30: No | U30: No | V30: Sinus tachycardia infaltes INTOXICATE's recommendations | W30: Confirmed- No | X30: No | Y30: Original threshold | Z30: Algo | AA30: ICU | AB30: =COUNTIFS($Q$2:$Q$120,"ICU",$N$2:$N$120,"ICU",$D$2:$D$120,">"&11) -> 13 | AC30: =COUNTIFS($Q$2:$Q$120,"<>ICU",$N$2:$N$120,"ICU",$D$2:$D$120,">"&11) -> 48
A31: 131515-57 | B31: F | C31: Antidepressants | D31: 19 | E31: 90 | F31: 125 | G31: 15 | H31: No | I31: No | J31: No | K31: No | L31: 2 | M31: =IF($L31>17,"ICU","GMF") -> GMF | N31: GMF | Q31: Discharge | S31: No | T31: No | U31: No | W31: Confirmed- No | X31: Yes | AA31: Not | AB31: =COUNTIFS($Q$2:$Q$120,"ICU",$N$2:$N$120,"<>ICU",$D$2:$D$120,">"&11) -> 7 | AC31: =COUNTIFS($Q$2:$Q$120,"<>ICU",$N$2:$N$120,"<>ICU",$D$2:$D$120,">"&11) -> 35
A32: 131515-62 | B32: F | C32: Alcohol | D32: 20 | E32: 110 | F32: 128 | G32: 15 | H32: No | I32: No | J32: Yes | K32: No | L32: 4 | M32: =IF($L32>17,"ICU","GMF") -> GMF | N32: GMF | Q32: Discharge | S32: No | T32: No | U32: No | W32: Unconfirmed | X32: Yes | AB32: SUM | AC32: =SUM(AB30:AC31) -> 103 | AE32: Kappa
A33: 131515-78 | B33: F | C33: Analgesic | D33: 20 | E33: 88 | F33: 128 | G33: 15 | H33: No | I33: No | J33: No | K33: No | L33: 3 | M33: =IF($L33>17,"ICU","GMF") -> GMF | N33: GMF | Q33: Discharge | R33: Tylenol | S33: No | T33: No | U33: No | V33: Transfer to psych | W33: Confirmed -Yes | X33: Yes
A34: 131515-99 | B34: F | C34: Street Drugs | D34: 20 | E34: 71 | F34: 99 | G34: 15 | H34: No | I34: No | J34: No | K34: No | L34: 5 | M34: =IF($L34>17,"ICU","GMF") -> GMF | N34: GMF | Q34: Discharge | R34: fentanyl | S34: No | T34: No | U34: No | W34: Confirmed -Yes | X34: Yes
B35: F | C35: Analgesic | D35: 20 | E35: 74 | F35: 114 | G35: 15 | H35: No | I35: No | J35: No | K35: No | L35: 2 | M35: =IF($L35>17,"ICU","GMF") -> GMF | N35: GMF | Q35: Discharge | R35: 60 tablets of 220mg ibuprofen | S35: No | T35: No | U35: No | V35: Transfer to psych | W35: Confirmed -Yes | X35: Yes | AF35: Adults | AM35: Peds
A36: 131515-18 | B36: M | C36: Alcohol | D36: 21 | E36: 68 | F36: 126 | G36: 15 | H36: No | I36: No | J36: No | K36: No | L36: -5 | M36: =IF($L36>17,"ICU","GMF") -> GMF | N36: GMF | Q36: Discharge | S36: No | T36: No | W36: Unconfirmed | X36: Yes | AB36: MD | AI36: MD | AQ36: MD
B37: F | C37: Sedatives | D37: 22 | E37: 83 | F37: 110 | G37: 15 | H37: No | I37: No | J37: No | K37: No | L37: 1 | M37: =IF($L37>17,"ICU","GMF") -> GMF | N37: GMF | Q37: Discharge | R37: klonopin and benadryl | S37: No | T37: No | U37: No | V37: Transfer to psych | W37: Confirmed- No | X37: No | AB37: ICU | AC37: Not | AI37: ICU | AJ37: Not | AQ37: ICU | AR37: Not
B38: M | C38: Analgesic | D38: 24 | E38: 73 | F38: 131 | G38: 15 | H38: No | I38: No | J38: No | K38: No | L38: 0 | M38: =IF($L38>17,"ICU","GMF") -> GMF | N38: GMF | Q38: Discharge | R38: 5000mg advil within 6 hours | S38: No | T38: No | U38: No | W38: Confirmed- No | X38: No | Y38: ROC Optimized Threshold | Z38: Algo | AA38: ICU | AB38: =COUNTIFS($Q$2:$Q$120,"ICU",$M$2:$M$120,"ICU",$D$2:$D$120,">"&11) -> 8 | AC38: =COUNTIFS($Q$2:$Q$120,"<>ICU",$M$2:$M$120,"ICU",$D$2:$D$120,">"&11) -> 1 | AF38: ROC Optimized Threshold | AG38: Algo | AH38: ICU | AI38: =COUNTIFS($Q$2:$Q$120,"ICU",$M$2:$M$120,"ICU",$D$2:$D$120,">"&18) -> 7 | AJ38: =COUNTIFS($Q$2:$Q$120,"<>ICU",$M$2:$M$120,"ICU",$D$2:$D$120,">"&18) -> 1 | AM38: ROC Optimized Threshold | AO38: Algo | AP38: ICU | AQ38: =COUNTIFS($Q$2:$Q$120,"ICU",$M$2:$M$120,"ICU",$D$2:$D$120,">"&11, $D$2:$D$120,"<"&19) -> 1 | AR38: =COUNTIFS($Q$2:$Q$120,"<>ICU",$M$2:$M$120,"ICU",$D$2:$D$120,">"&11, $D$2:$D$120,"<"&19) -> 0
A39: 131515-92 | B39: F | C39: Unknown | D39: 26 | E39: 107 | F39: 118 | G39: 15 | H39: No | I39: No | J39: Yes | K39: No | L39: 14 | M39: =IF($L39>17,"ICU","GMF") -> GMF | N39: ICU | Q39: Discharge | R39: Early pregnancy injested unknown antibiotic and induced self vomiting | S39: No | T39: No | U39: No | V39: Transfer to psych | W39: Confirmed- No | X39: No | AA39: Not | AB39: =COUNTIFS($Q$2:$Q$120,"ICU",$M$2:$M$120,"<>ICU",$D$2:$D$120,">"&11) -> 12 | AC39: =COUNTIFS($Q$2:$Q$120,"<>ICU",$M$2:$M$120,"<>ICU",$D$2:$D$120,">"&11) -> 82 | AH39: Not | AI39: =COUNTIFS($Q$2:$Q$120,"ICU",$M$2:$M$120,"<>ICU",$D$2:$D$120,">"&8) -> 12 | AJ39: =COUNTIFS($Q$2:$Q$120,"<>ICU",$M$2:$M$120,"<>ICU",$D$2:$D$120,">"&18) -> 59 | AP39: Not | AQ39: =COUNTIFS($Q$2:$Q$120,"ICU",$M$2:$M$120,"<>ICU",$D$2:$D$120,">"&11, $D$2:$D$120,"<"&19) -> 3 | AR39: =COUNTIFS($Q$2:$Q$120,"<>ICU",$M$2:$M$120,"<>ICU",$D$2:$D$120,">"&11,$D$2:$D$120,"<"&19) -> 23
A40: 131515-1 | B40: F | C40: Alcohol | D40: 27 | E40: 97 | F40: 122 | G40: 15 | H40: No | I40: No | J40: No | K40: No | L40: 0 | M40: =IF($L40>17,"ICU","GMF") -> GMF | N40: GMF | Q40: Discharge | R40: Ethanol | S40: No | T40: No | W40: Confirmed -Yes | X40: Yes | AB40: SUM | AC40: =SUM(AB38:AC39) -> 103 | AE40: Kappa | AI40: SUM | AJ40: =SUM(AI38:AJ39) -> 79 | AQ40: SUM | AR40: =SUM(AQ38:AR39) -> 27
B41: F | C41: Antidepressants | D41: 27 | E41: 66 | F41: 109 | G41: 15 | H41: No | I41: No | J41: No | K41: No | L41: 4 | M41: =IF($L41>17,"ICU","GMF") -> GMF | N41: GMF | Q41: Discharge | R41: Lithium (120 pills of 300mg Li) | S41: No | T41: No | U41: No | V41: Transfer to psych | W41: Confirmed -Yes | X41: Yes
A42: 131515-66 | B42: F | C42: Unknown | D42: 27 | E42: 92 | F42: 139 | G42: 15 | H42: No | I42: No | J42: No | K42: No | L42: 5 | M42: =IF($L42>17,"ICU","GMF") -> GMF | N42: GMF | Q42: Discharge | R42: chloramine gas | S42: No | T42: No | U42: No | W42: Unconfirmed | X42: Yes
A43: 131515-33 | B43: M | C43: Combination | D43: 28 | E43: 100 | F43: 145 | G43: 15 | H43: No | I43: No | J43: No | K43: No | L43: 2 | M43: =IF($L43>17,"ICU","GMF") -> GMF | N43: GMF | Q43: Discharge | R43: several bottles of alcohol, whole bottle of 10mg Melatonin, 20 tablets 500mg ibuprofen | S43: No | T43: No | U43: No | V43: Tox consult canceled | W43: Confirmed -Yes | X43: Yes
A44: 131515-49 | B44: F | C44: Analgesic | D44: 28 | E44: 90 | F44: 115 | G44: 15 | H44: No | I44: No | J44: No | K44: No | L44: 6 | M44: =IF($L44>17,"ICU","GMF") -> GMF | N44: GMF | Q44: Discharge | S44: No | T44: No | U44: No | W44: Confirmed -Yes | X44: Yes
B45: M | C45: Combination | D45: 28 | E45: 108 | F45: 108 | G45: 15 | H45: No | I45: No | J45: Yes | K45: No | L45: 13 | M45: =IF($L45>17,"ICU","GMF") -> GMF | N45: ICU | Q45: Discharge | S45: No | T45: No | U45: No | V45: Transfer to psych | W45: Confirmed -Yes | X45: Yes | Y45: Inappropriate Downgrades | AI45: 30-Day Mortality
A46: 131515-44 | B46: F | C46: Combination | D46: 29 | E46: 86 | F46: 116 | G46: 15 | H46: No | I46: No | J46: No | K46: No | L46: 5 | M46: =IF($L46>17,"ICU","GMF") -> GMF | N46: GMF | Q46: Discharge | R46: 600mg codeine, 1,000mg tramadol, 50mg ativan, 100mg valium, 10mg xanax | S46: No | T46: No | U46: No | V46: No actual ingestion, psych facility wanted clearance | W46: N/A - Withdrawal | X46: No | Y46: With IRS 6 | AA46: =COUNTIFS($L$2:$L$150,"<=6",$Q$2:$Q$150,"ICU") -> 7 | AB46: =COUNTIFS($L$2:$L$150,"<=6",$Q$2:$Q$150,"ICU",$U$2:$U$150,"Yes") -> 0 | AC46: =COUNTIFS($L$2:$L$150,"<=6",$Q$2:$Q$150,"ICU",$T$2:$T$150,"<>No") -> 0 | AI46: Y | AJ46: N
B47: M | C47: Antidepressants | D47: 31 | E47: 60 | F47: 111 | G47: 15 | H47: No | I47: No | J47: No | K47: No | L47: 3 | M47: =IF($L47>17,"ICU","GMF") -> GMF | N47: GMF | Q47: Discharge | R47: antidepressant (dominant ingestion) 25 pill of 100mg zoloft + ethanol | S47: No | T47: No | U47: No | V47: Transfer to psych | W47: Confirmed -Yes | X47: Yes | Y47: With IRS 17 | AA47: =COUNTIFS($L$2:$L$150,"<=17",$Q$2:$Q$150,"ICU") -> 13 | AB47: =COUNTIFS($L$2:$L$150,"<=17",$Q$2:$Q$150,"ICU",$U$2:$U$150,"Yes") -> 4 | AC47: =COUNTIFS($L$2:$L$150,"<=17",$Q$2:$Q$150,"ICU",$T$2:$T$150,"<>No") -> 1 | AG47: ICU | AH47: Y | AI47: =COUNTIFS($Q$2:$Q$150,"ICU",$T$2:$T$150,"Yes") -> 4 | AJ47: =COUNTIFS($Q$2:$Q$150,"ICU",$T$2:$T$150,"No") -> 17
A48: 131515-45 | B48: M | C48: Combination | D48: 31 | E48: 115 | F48: 133 | G48: 15 | H48: No | I48: No | J48: Yes | K48: No | L48: 10 | M48: =IF($L48>17,"ICU","GMF") -> GMF | N48: ICU | Q48: Discharge | R48: 5 alcoholic beverages, marijuana, 3-4 100mg hydroxyzine pill | S48: No | T48: No | U48: No | V48: Sinus tachycardia infaltes INTOXICATE's recommendations | W48: Confirmed -Yes | X48: Yes | AA48: Total | AB48: Needed ICU | AC48: 30-Day Mortality | AH48: N | AI48: =COUNTIFS($Q$2:$Q$150,"<>ICU",$T$2:$T$150,"Yes") -> 0 | AJ48: =COUNTIFS($Q$2:$Q$150,"<>ICU",$T$2:$T$150,"No") -> 90
A49: 131515-82 | B49: M | C49: CO, As, CN | D49: 31 | E49: 102 | F49: 116 | G49: 15 | H49: Yes | I49: No | J49: Yes | K49: No | L49: 13 | M49: =IF($L49>17,"ICU","GMF") -> GMF | N49: ICU | Q49: Discharge | R49: smoke inhalation | S49: No | T49: No | U49: No | V49: AMA | W49: Confirmed -Yes | X49: Yes
A50: 131515-43 | B50: M | C50: Combination | D50: 32 | E50: 94 | F50: 100 | G50: 15 | H50: No | I50: No | J50: No | K50: No | L50: 6 | M50: =IF($L50>17,"ICU","GMF") -> GMF | N50: GMF | Q50: Discharge | R50: 12 400mg gabapentins, 12 50mg trazodones, and ethanol | S50: No | T50: No | U50: No | W50: Confirmed -Yes | X50: Yes
A51: 131515-94 | B51: F | C51: Unknown | D51: 32 | E51: 96 | F51: 114 | G51: 15 | H51: No | I51: No | J51: No | K51: No | L51: 8 | M51: =IF($L51>17,"ICU","GMF") -> GMF | N51: ICU | Q51: Discharge | R51: ~30 tablets of 500mg metformin | S51: No | T51: No | U51: No | V51: Transfer to psych | W51: Confirmed- No | X51: Yes
A52: 131515-2 | B52: M | C52: Combination | D52: 33 | E52: 86 | F52: 170 | G52: 15 | H52: No | I52: No | J52: No | K52: No | L52: 1 | M52: =IF($L52>17,"ICU","GMF") -> GMF | N52: GMF | Q52: Discharge | R52: ethanol, oxycodone | S52: No | T52: No | W52: Unconfirmed | X52: Yes
B53: F | C53: Unknown | D53: 35 | E53: 110 | F53: 153 | G53: 15 | H53: No | I53: No | J53: Yes | K53: No | L53: 12 | M53: =IF($L53>17,"ICU","GMF") -> GMF | N53: ICU | Q53: Discharge | R53: 24 pills of corcidin | S53: No | T53: No | U53: No | V53: Tachycardia vs INTOXICATE | W53: Unconfirmed | X53: Yes
B54: M | C54: Combination | D54: 35 | E54: 104 | F54: 174 | G54: 15 | H54: No | I54: No | J54: Yes | K54: No | L54: 9 | M54: =IF($L54>17,"ICU","GMF") -> GMF | N54: ICU | Q54: Discharge | R54: polysubstance OD - bendadryl, dextromethorphan, chlorpheniramine | S54: No | T54: No | U54: No | V54: Transfer to psych | W54: Unconfirmed | X54: Yes
A55: 131515-6 | B55: F | C55: CO, As, CN | D55: 36 | E55: 105 | F55: 118 | G55: 15 | H55: Yes | I55: No | J55: Yes | K55: No | L55: 16 | M55: =IF($L55>17,"ICU","GMF") -> GMF | N55: ICU | Q55: Discharge | R55: CO; smoke inhalation | S55: No | T55: No | W55: Confirmed -Yes | X55: Yes
A56: 131515-14 | B56: F | C56: Alcohol | D56: 37 | E56: 124 | F56: 115 | G56: 15 | H56: No | I56: No | J56: Yes | K56: No | L56: 9 | M56: =IF($L56>17,"ICU","GMF") -> GMF | N56: ICU | Q56: Discharge | S56: No | T56: No | V56: EKG with sinius tachycardia | W56: Confirmed -Yes | X56: Yes
B57: F | C57: Antidepressants | D57: 40 | E57: 78 | F57: 123 | G57: 15 | H57: No | I57: No | J57: No | K57: No | L57: 5 | M57: =IF($L57>17,"ICU","GMF") -> GMF | N57: GMF | Q57: Discharge | R57: Elevated lithium levels | S57: No | T57: No | U57: No | W57: Confirmed -Yes | X57: Yes
A58: 131515-39 | B58: M | C58: Street Drugs | D58: 42 | E58: 69 | F58: 135 | G58: 15 | H58: No | I58: No | J58: No | K58: No | L58: 4 | M58: =IF($L58>17,"ICU","GMF") -> GMF | N58: GMF | Q58: Discharge | S58: No | T58: No | U58: No | W58: Unconfirmed | X58: No
A59: 131515-22 | B59: F | C59: Antidepressants | D59: 42 | E59: 115 | F59: 131 | G59: 15 | H59: No | I59: No | J59: Yes | K59: No | L59: 12 | M59: =IF($L59>17,"ICU","GMF") -> GMF | N59: ICU | Q59: Discharge | S59: No | T59: No | U59: Yes | V59: Had seizure immediately after discharge | W59: Unconfirmed | X59: Yes
A60: 131515-96 | B60: F | C60: Combination | D60: 43 | E60: 79 | F60: 120 | G60: 15 | H60: No | I60: No | J60: No | K60: No | L60: 5 | M60: =IF($L60>17,"ICU","GMF") -> GMF | N60: GMF | Q60: Discharge | R60: 4 tabs venlafaxine 150mg and 4 tabs lamictal 100mg and tequilla alcohol | S60: No | T60: No | U60: No | V60: Transfer to psych | W60: Confirmed -Yes | X60: Yes
B61: M | C61: Street Drugs | D61: 43 | E61: 151 | F61: 170 | G61: 15 | H61: No | I61: No | J61: Yes | K61: No | L61: 11 | M61: =IF($L61>17,"ICU","GMF") -> GMF | N61: ICU | Q61: Discharge | R61: cocaine; xanax | S61: No | T61: No | U61: No | V61: AMA | W61: Confirmed -Yes | X61: Yes
B62: M | C62: Sedatives | D62: 45 | E62: 97 | F62: 116 | G62: 15 | H62: No | I62: No | J62: No | K62: No | L62: 9 | M62: =IF($L62>17,"ICU","GMF") -> GMF | N62: ICU | Q62: Discharge | R62: 40-80 one-milligram tabs of Ativan, a handful of gabapentin (300 mg each) and fluvoxamine | S62: No | T62: No | U62: No | V62: Transfer to psych | W62: Unconfirmed | X62: Yes
B63: F | C63: CO, As, CN | D63: 47 | E63: 116 | F63: 168 | G63: 15 | H63: Yes | I63: No | J63: No | K63: No | L63: 14 | M63: =IF($L63>17,"ICU","GMF") -> GMF | N63: ICU | Q63: Discharge | R63: CO; smoke inhalation | S63: No | T63: No | U63: No | W63: Confirmed -Yes | X63: Yes
A64: 131515-24 | B64: M | C64: Unknown | D64: 50 | E64: 97 | F64: 113 | G64: 15 | H64: No | I64: No | J64: No | K64: No | L64: 12 | M64: =IF($L64>17,"ICU","GMF") -> GMF | N64: ICU | Q64: Discharge | R64: keppra | S64: No | T64: No | U64: No | W64: Confirmed -Yes | X64: Yes
A65: 131515-61 | B65: M | C65: Sedatives | D65: 50 | E65: 99 | F65: 103 | G65: 14 | H65: No | I65: No | J65: No | K65: No | L65: 10 | M65: =IF($L65>17,"ICU","GMF") -> GMF | N65: ICU | Q65: Discharge | S65: No | T65: No | U65: No | W65: Confirmed -Yes | X65: Yes
A66: 131515-101 | B66: F | C66: Analgesic | D66: 52 | E66: 51 | F66: 166 | G66: 15 | H66: No | I66: Yes | J66: No | K66: No | L66: 11 | M66: =IF($L66>17,"ICU","GMF") -> GMF | N66: ICU | Q66: Discharge | R66: Tylenol | S66: No | T66: No | U66: No | W66: Confirmed -Yes | X66: Yes
A67: 131515-38 | B67: M | C67: Street Drugs | D67: 56 | E67: 107 | F67: 148 | G67: 15 | H67: No | I67: No | J67: Yes | K67: No | L67: 15 | M67: =IF($L67>17,"ICU","GMF") -> GMF | N67: ICU | Q67: Discharge | R67: Methamphetamine | S67: No | T67: No | U67: No | V67: Sinus tachycardia infaltes INTOXICATE's recommendations | W67: Confirmed -Yes | X67: Yes
A68: 131515-8 | B68: F | C68: Antidepressants | D68: 58 | E68: 119 | F68: 166 | G68: 15 | H68: No | I68: No | J68: Yes | K68: No | L68: 14 | M68: =IF($L68>17,"ICU","GMF") -> GMF | N68: ICU | Q68: Discharge | R68: bupropion | S68: No | T68: No | U68: No | W68: Unconfirmed | X68: Yes
A69: 131515-30 | B69: M | C69: Combination | D69: 61 | E69: 98 | F69: 112 | G69: 15 | H69: No | I69: No | J69: Yes | K69: No | L69: 17 | M69: =IF($L69>17,"ICU","GMF") -> GMF | N69: ICU | Q69: Discharge | R69: alcohol and cocaine + 8 tablets 75mg venlafaxine, and 9 tablets 1mg klonopin approx 12 hours PTA | S69: No | T69: No | U69: No | W69: Confirmed -Yes | X69: Yes
A70: 131515-9 | B70: F | C70: Unknown | D70: 66 | E70: 73 | F70: 143 | G70: 15 | H70: No | I70: No | J70: No | K70: No | L70: 9 | M70: =IF($L70>17,"ICU","GMF") -> GMF | N70: ICU | Q70: Discharge | R70: Cleaning product - detergent | S70: No | T70: No | U70: No | V70: Caustic ingestion; discharged after observation | W70: Unconfirmed | X70: Yes
B71: F | C71: Antidepressants | D71: 66 | E71: 69 | F71: 91 | G71: 15 | H71: No | I71: No | J71: No | K71: No | L71: 14 | M71: =IF($L71>17,"ICU","GMF") -> GMF | N71: ICU | Q71: Discharge | R71: lithium toxicity | S71: No | T71: No | U71: No | W71: Confirmed -Yes | X71: Yes
A72: 131515-84 | B72: M | C72: CO, As, CN | D72: 68 | E72: 101 | F72: 167 | G72: 15 | H72: Yes | I72: No | J72: Yes | K72: No | L72: 17 | M72: =IF($L72>17,"ICU","GMF") -> GMF | N72: ICU | Q72: Discharge | R72: carbon monoxide | S72: No | T72: No | U72: No | W72: Confirmed -Yes | X72: Yes
A73: 131515-102 | B73: M | C73: Analgesic | D73: 72 | E73: 90 | F73: 96 | G73: 15 | H73: No | I73: No | J73: No | K73: No | L73: 17 | M73: =IF($L73>17,"ICU","GMF") -> GMF | N73: ICU | Q73: Discharge | R73: Gabapentin | S73: No | T73: No | U73: No | W73: Unconfirmed | X73: Yes
B74: F | C74: Combination | D74: 72 | E74: 55 | F74: 93 | G74: 15 | H74: No | I74: No | J74: No | K74: No | L74: 16 | M74: =IF($L74>17,"ICU","GMF") -> GMF | N74: ICU | Q74: Discharge | R74: atenolol 25, metop tartrate 50, 5 sublingual ntg tabs and nitroglycerin patch | S74: No | T74: No | U74: No | W74: Unconfirmed | X74: Yes
B75: F | C75: Sedatives | D75: 73 | E75: 58 | F75: 96 | G75: 15 | H75: No | I75: No | J75: No | K75: No | L75: 13 | M75: =IF($L75>17,"ICU","GMF") -> GMF | N75: ICU | Q75: Discharge | R75: Clonazepam | S75: No | T75: No | U75: No | V75: Transfer to psych | W75: Unconfirmed | X75: Yes
B76: M | C76: CO, As, CN | D76: 80 | E76: 71 | F76: 158 | G76: 15 | H76: Yes | I76: No | J76: No | K76: No | L76: 9 | M76: =IF($L76>17,"ICU","GMF") -> GMF | N76: ICU | Q76: Discharge | R76: CO; smoke inhalation | S76: No | T76: No | U76: No | V76: Transferred from LMH ED to WC ED and then discharged | W76: Unconfirmed | X76: Yes
A77: 131515-72 | B77: F | C77: Analgesic | D77: 15 | E77: 92 | F77: 108 | G77: 15 | H77: No | I77: No | J77: No | K77: No | L77: 5 | M77: =IF($L77>17,"ICU","GMF") -> GMF | N77: GMF | Q77: GMF | R77: Tylenol | S77: No | T77: No | U77: No | V77: Transfer to psych after 8 day GMF stay | W77: Confirmed -Yes | X77: Yes
B78: M | C78: Alcohol | D78: 16 | E78: 66 | F78: 121 | G78: 10 | H78: Yes | I78: No | J78: No | K78: No | L78: 6 | M78: =IF($L78>17,"ICU","GMF") -> GMF | N78: GMF | Q78: GMF | R78: alcohol | S78: No | T78: No | U78: No | V78: Transfer to psych | W78: Confirmed -Yes | X78: Yes
A79: 131515-42 | B79: F | C79: Combination | D79: 24 | E79: 106 | F79: 117 | G79: 15 | H79: Yes | I79: No | J79: Yes | K79: No | L79: 18 | M79: =IF($L79>17,"ICU","GMF") -> ICU | N79: ICU | Q79: GMF | R79: oxycodone, methadone, clonazepam, ketamine, MDMA | S79: No | T79: No | U79: No | V79: Sinus tachycardia infaltes INTOXICATE's recommendations | W79: Confirmed -Yes | X79: Yes
B80: F | C80: Combination | D80: 29 | E80: 114 | F80: 129 | G80: 15 | H80: No | I80: No | J80: Yes | K80: No | L80: 11 | M80: =IF($L80>17,"ICU","GMF") -> GMF | N80: ICU | Q80: GMF | R80: 10 tylenol; 4 benadryl; ecstasy | V80: Transfer to psych | W80: Confirmed -Yes | X80: Yes
A81: 131515-27 | B81: M | C81: Street Drugs | D81: 31 | E81: 153 | F81: 140 | G81: 15 | H81: No | I81: No | J81: Yes | K81: No | L81: 9 | M81: =IF($L81>17,"ICU","GMF") -> GMF | N81: ICU | Q81: GMF | S81: No | T81: No | U81: No | W81: Confirmed- No | X81: Yes
B82: F | C82: Antidepressants | D82: 33 | E82: 128 | F82: 114 | G82: 15 | H82: No | I82: No | J82: Yes | K82: No | L82: 12 | M82: =IF($L82>17,"ICU","GMF") -> GMF | N82: ICU | Q82: GMF | R82: bupropion | S82: No | T82: No | U82: No | W82: Unconfirmed | X82: Yes
A83: 131515-56 | B83: F | C83: Street Drugs | D83: 34 | E83: 132 | F83: 110 | G83: 15 | H83: No | I83: No | J83: Yes | K83: No | L83: 13 | M83: =IF($L83>17,"ICU","GMF") -> GMF | N83: ICU | Q83: GMF | R83: Fentanyl, xylazine | S83: No | T83: No | U83: No | V83: Sinus tachycardia infaltes INTOXICATE's recommendations; hx IVDU of fentanyl and xylazine, last used day of ED presentation, admitted for bacteremia | W83: Unconfirmed | X83: No
A84: 131515-48 | B84: F | C84: Analgesic | D84: 35 | E84: 64 | F84: 119 | G84: 15 | H84: No | I84: No | J84: No | K84: No | L84: 6 | M84: =IF($L84>17,"ICU","GMF") -> GMF | N84: GMF | Q84: GMF | R84: Tylenol | S84: No | T84: No | U84: No | W84: Confirmed -Yes | X84: Yes
B85: M | C85: Unknown | D85: 44 | E85: 117 | F85: 122 | G85: 15 | H85: No | I85: No | J85: Yes | K85: No | L85: 15 | M85: =IF($L85>17,"ICU","GMF") -> GMF | N85: ICU | Q85: GMF | R85: drank approx 1 cup hydrogen peroxide in SA, endorsed smoking meth | S85: No | T85: No | U85: No | V85: Caustic ingestion; tox screen and EGD done | W85: Confirmed -Yes | X85: Yes
A86: 131515-31 | B86: F | C86: Unknown | D86: 47 | E86: 98 | F86: 134 | G86: 11 | H86: No | I86: No | J86: No | K86: No | L86: 13 | M86: =IF($L86>17,"ICU","GMF") -> GMF | N86: ICU | Q86: GMF | R86: Essential/infusing oil | S86: No | T86: No | U86: No | V86: Hx of EtOH use disorder, has been ingesting substances containing alcohol due to partner removing alcohol from household, ingested essential oils | W86: Confirmed- No | X86: Yes
A87: 131515-53 | B87: M | C87: Antidepressants | D87: 50 | E87: 56 | F87: 120 | G87: 15 | H87: No | I87: Yes | J87: No | K87: No | L87: 13 | M87: =IF($L87>17,"ICU","GMF") -> GMF | N87: ICU | Q87: GMF | R87: Lithium | S87: No | T87: No | U87: No | V87: Should stage cirrhosis, like sinus tachycardia, it is a vague term | W87: Confirmed -Yes | X87: Yes
A88: 131515-40 | B88: M | C88: Antidepressants | D88: 51 | E88: 93 | F88: 169 | G88: 15 | H88: No | I88: No | J88: No | K88: No | L88: 5 | M88: =IF($L88>17,"ICU","GMF") -> GMF | N88: GMF | Q88: GMF | R88: Lithium | S88: No | T88: No | U88: No | W88: Confirmed -Yes | X88: Yes
A89: 131515-21 | B89: F | C89: Sedatives | D89: 55 | E89: 101 | F89: 176 | G89: 15 | H89: No | I89: No | J89: Yes | K89: No | L89: 12 | M89: =IF($L89>17,"ICU","GMF") -> GMF | N89: ICU | Q89: GMF | S89: No | T89: No | U89: No | W89: Confirmed- No | X89: No
B90: F | C90: Combination | D90: 58 | E90: 73 | F90: 131 | G90: 15 | H90: No | I90: No | J90: No | K90: No | L90: 7 | M90: =IF($L90>17,"ICU","GMF") -> GMF | N90: ICU | Q90: GMF | R90: ethanol, multiple pills of home meds: dronabinol 5mg, tramadol 50mg, cogentin 2mg, depakote 500mg, flavoxate 100mg, latuda 40mg, quetiapine ER 50mg, venlafaxine ER 150mg | S90: No | T90: No | U90: No | V90: Was medically cleared by poison control. Kept endorsing SI, so admitted to psych. ICU consutled later during her stay. Subtherapeutic levels on tests. | W90: Confirmed- No | X90: No
B91: F | C91: Antidepressants | D91: 59 | E91: 70 | F91: 140 | G91: 15 | H91: Yes | I91: No | J91: No | K91: No | L91: 13 | M91: =IF($L91>17,"ICU","GMF") -> GMF | N91: ICU | Q91: GMF | R91: Elevated ithium levels | S91: No | T91: No | U91: No | V91: Unclear Li intake; elevated Li level with acute SOB; hx of PSA use; utox +benzo and cannabinoid; can't find predicted disposition | W91: Confirmed -Yes | X91: Yes
A92: 131515-20 | B92: F | C92: Sedatives | D92: 62 | E92: 87 | F92: 115 | G92: 14 | H92: No | I92: No | J92: No | K92: No | L92: 10 | M92: =IF($L92>17,"ICU","GMF") -> GMF | N92: ICU | Q92: GMF | S92: No | T92: No | U92: No | V92: Required ICU for not tox reasons | W92: Confirmed -Yes | X92: No
A93: 131515-100 | B93: F | C93: Street Drugs | D93: 2 | E93: 120 | F93: 67 | G93: 9 | H93: No | I93: No | J93: No | K93: No | L93: 16 | M93: =IF($L93>17,"ICU","GMF") -> GMF | N93: ICU | Q93: ICU | R93: THC Gummy | S93: No | T93: No | U93: No | V93: No age adjustment for vital signs | W93: Confirmed -Yes | X93: Yes
B94: M | C94: Antidepressants | D94: 14 | E94: 109 | F94: 120 | G94: 10 | H94: No | I94: No | J94: Yes | K94: No | L94: 14 | M94: =IF($L94>17,"ICU","GMF") -> GMF | N94: ICU | Q94: ICU | R94: 30 pills of olanzapine | S94: No | T94: No | U94: Yes | V94: Transferred to WCM from OSH | W94: Unconfirmed | X94: Yes
A95: 131515-105 | B95: F | C95: Analgesic | D95: 15 | E95: 81 | F95: 119 | G95: 15 | H95: No | I95: No | J95: No | K95: No | L95: 3 | M95: =IF($L95>17,"ICU","GMF") -> GMF | N95: GMF | Q95: ICU | R95: Tylenol | S95: No | T95: No | U95: Policy | W95: Confirmed -Yes | X95: Yes
A96: 131515-46 | B96: M | C96: Street Drugs | D96: 16 | E96: 106 | F96: 106 | G96: 14 | H96: Yes | I96: No | J96: Yes | K96: No | L96: 20 | M96: =IF($L96>17,"ICU","GMF") -> ICU | N96: ICU | Q96: ICU | R96: opioid overdose - oxycodone DAU +fentanyl | S96: No | T96: No | U96: No | V96: Admitted for aspiration PNA, not tox (Admit to PICU for resp acidosis 2/2 OD w/ course c/b aspiration PNA) | W96: Confirmed -Yes | X96: Yes
A97: 131515-4 | B97: M | C97: Alcohol | D97: 17 | E97: 141 | F97: 141 | G97: 10 | H97: No | I97: No | J97: Yes | K97: No | L97: 4 | M97: =IF($L97>17,"ICU","GMF") -> GMF | N97: GMF | Q97: ICU | R97: ethanol | S97: No | T97: No | V97: ETOH Withdrawal | W97: Confirmed -Yes | X97: Yes
B98: M | C98: CO, As, CN | D98: 22 | E98: 65 | F98: 102 | G98: 15 | H98: Yes | I98: No | J98: No | K98: No | L98: 4 | M98: =IF($L98>17,"ICU","GMF") -> GMF | N98: GMF | Q98: ICU | R98: CO | S98: No | T98: No | U98: Policy | W98: Confirmed -Yes | X98: Yes
B99: M | C99: Analgesic | D99: 25 | E99: 70 | F99: 105 | G99: 15 | H99: No | I99: No | J99: No | K99: No | L99: 5 | M99: =IF($L99>17,"ICU","GMF") -> GMF | N99: GMF | Q99: ICU | R99: tylenol | S99: No | T99: No | U99: Policy | W99: Confirmed -Yes | X99: Yes
A100: 131515-98 | B100: M | C100: Street Drugs | D100: 25 | E100: 144 | F100: 201 | G100: 3 | H100: Yes | I100: No | J100: Yes | K100: No | L100: 26 | M100: =IF($L100>17,"ICU","GMF") -> ICU | N100: ICU | Q100: ICU | R100: amphetamines/oxycodone/opiates/fentanyl | S100: Yes | T100: Yes | U100: Yes | V100: deceased | W100: Confirmed -Yes | X100: Yes
...

Sheet Dashboard
O1: Tox Etiology
O2: Y | P2: N
A3: Confirmed Exposure | B3: Yes | C3: No | D3: Unconfirmed | E3: N/A - WIthdrawal | F3: Fraction Complete | G3: SUM | I3: Exclusions | N3: Yes | O3: =COUNTIFS(INTOXICATE!W:W,INTOXICATE!$AB$3,INTOXICATE!X:X,INTOXICATE!$Y$2,INTOXICATE!D:D,">=12") -> 61 | P3: =COUNTIFS(INTOXICATE!W:W,INTOXICATE!$AB$3,INTOXICATE!X:X,INTOXICATE!$Y$3,INTOXICATE!D:D,">=12") -> 2 | Q3: =COUNTIFS(INTOXICATE!Y:Y,INTOXICATE!$AB$3,INTOXICATE!Z:Z,INTOXICATE!$Y$2) -> 0
B4: =COUNTIF(INTOXICATE!W:W,INTOXICATE!$AB$3) -> 67 | C4: =COUNTIF(INTOXICATE!W:W,INTOXICATE!$AB$4) -> 12 | D4: =COUNTIF(INTOXICATE!W:W,INTOXICATE!$AB$5) -> 31 | E4: =COUNTIF(INTOXICATE!W:W,INTOXICATE!$AB$6) -> 2 | F4: =COUNTA(INTOXICATE!$W$2:$W$114)/G4 -> 1 | G4: =SUM($B4:$E4) -> 112 | I4: Under 12 | J4: =COUNTIF(INTOXICATE!$D$2:$D$150,"<12") -> 9 | M4: Exposed | N4: No | O4: =COUNTIFS(INTOXICATE!W:W,INTOXICATE!$AB$4,INTOXICATE!X:X,INTOXICATE!$Y$2,INTOXICATE!D:D,">=12") -> 6 | P4: =COUNTIFS(INTOXICATE!W:W,INTOXICATE!$AB$4,INTOXICATE!X:X,INTOXICATE!$Y$3,INTOXICATE!D:D,">=12") -> 6 | Q4: =COUNTIFS(INTOXICATE!Y:Y,INTOXICATE!$AB$3,INTOXICATE!Z:Z,INTOXICATE!$Y$2) -> 0
A5: Incl in Analysis | B5: =COUNTIFS(INTOXICATE!W:W,INTOXICATE!$AB$3,INTOXICATE!D:D,">=12") -> 63 | C5: =COUNTIFS(INTOXICATE!W:W,INTOXICATE!$AB$4,INTOXICATE!D:D,">=12") -> 12 | D5: =COUNTIFS(INTOXICATE!W:W,INTOXICATE!$AB$5,INTOXICATE!D:D,">=12") -> 26 | E5: 0 | F5: =(COUNTA(INTOXICATE!$W$2:$W$114)-COUNTIF(INTOXICATE!D:D,"<=12"))/G5 -> 0.99009901 | G5: =SUM($B5:$D5) -> 101 | I5: Withdrawal | J5: =COUNTIFS(INTOXICATE!$D$2:$D$150,">11",INTOXICATE!$W$2:$W$150,INTOXICATE!$AB$6) -> 2 | N5: Maybe | O5: =COUNTIFS(INTOXICATE!W:W,INTOXICATE!$AB$5,INTOXICATE!X:X,INTOXICATE!$Y$2,INTOXICATE!D:D,">=12") -> 24 | P5: =COUNTIFS(INTOXICATE!W:W,INTOXICATE!$AB$5,INTOXICATE!X:X,INTOXICATE!$Y$3,INTOXICATE!D:D,">=12") -> 2
A6: Tox Etiology | B6: Yes | C6: No
B7: =COUNTIF(INTOXICATE!X2:X150,$B6) -> 101 | C7: =COUNTIF(INTOXICATE!Y2:Y150,$B6) -> 1 | F7: =COUNTA(INTOXICATE!$X$2:$X$113)/112 -> 1
A12: Age | B12: 25 | C12: 50 | D12: 75 | I12: Disposition | K12: Frac | L12: Adult | M12: Peds
A13: Adult | B13: {=QUARTILE(_xlfn._xlws.FILTER(INTOXICATE!$D$2:$D$150, (INTOXICATE!$D$2:$D$150>=18)*(INTOXICATE!$W$2:$W$150<>INTOXICATE!$AB$6)),1)} -> 27 | C13: {=QUARTILE(_xlfn._xlws.FILTER(INTOXICATE!$D$2:$D$150, (INTOXICATE!$D$2:$D$150>=18)*(INTOXICATE!$W$2:$W$150<>INTOXICATE!$AB$6)),2)} -> 35 | D13: {=QUARTILE(_xlfn._xlws.FILTER(INTOXICATE!$D$2:$D$150, (INTOXICATE!$D$2:$D$150>=18)*(INTOXICATE!$W$2:$W$150<>INTOXICATE!$AB$6)),3)} -> 50 | I13: ICU | J13: =COUNTIFS(INTOXICATE!$D$2:$D$150,">=12",INTOXICATE!$Q$2:$Q$150,$I13,INTOXICATE!$W$2:$W$150,"<>"&INTOXICATE!$AB$6) -> 19 | K13: =$J13/SUM($J$13:$J$15) -> 0.18811881 | L13: =COUNTIFS(INTOXICATE!$D$2:$D$150,">=12",INTOXICATE!$Q$2:$Q$150,$I13,INTOXICATE!$D$2:$D$150,">18",INTOXICATE!$W$2:$W$150,"<>"&INTOXICATE!$AB$6) -> 15 | M13: =COUNTIFS(INTOXICATE!$D$2:$D$150,">=12",INTOXICATE!$Q$2:$Q$150,$I13,INTOXICATE!$D$2:$D$150,"<18", INTOXICATE!$D$2:$D$150,">=12",INTOXICATE!$W$2:$W$150,"<>"&INTOXICATE!$AB$6) -> 4
A14: Peds | B14: {=QUARTILE(_xlfn._xlws.FILTER(INTOXICATE!$D$2:$D$150,(INTOXICATE!$D$2:$D$150<18)*(INTOXICATE!$D$2:$D$150>=12)*(INTOXICATE!$W$2:$W$150<>INTOXICATE!$AB$6)),1)} -> 14 | C14: {=QUARTILE(_xlfn._xlws.FILTER(INTOXICATE!$D$2:$D$150,(INTOXICATE!$D$2:$D$150<18)*(INTOXICATE!$D$2:$D$150>=12)*(INTOXICATE!$W$2:$W$150<>INTOXICATE!$AB$6)),2)} -> 15 | D14: {=QUARTILE(_xlfn._xlws.FILTER(INTOXICATE!$D$2:$D$150,(INTOXICATE!$D$2:$D$150<18)*(INTOXICATE!$D$2:$D$150>=12)*(INTOXICATE!$W$2:$W$150<>INTOXICATE!$AB$6)),3)} -> 16 | I14: GMF | J14: =COUNTIFS(INTOXICATE!$D$2:$D$150,">=12",INTOXICATE!$Q$2:$Q$150,$I14,INTOXICATE!$W$2:$W$150,"<>"&INTOXICATE!$AB$6) -> 16 | K14: =$J14/SUM($J$13:$J$15) -> 0.15841584 | L14: =COUNTIFS(INTOXICATE!$D$2:$D$150,">=12",INTOXICATE!$Q$2:$Q$150,$I14,INTOXICATE!$D$2:$D$150,">18",INTOXICATE!$W$2:$W$150,"<>"&INTOXICATE!$AB$6) -> 14 | M14: =COUNTIFS(INTOXICATE!$D$2:$D$150,">=12",INTOXICATE!$Q$2:$Q$150,$I14,INTOXICATE!$D$2:$D$150,"<18", INTOXICATE!$D$2:$D$150,">=12",INTOXICATE!$W$2:$W$150,"<>"&INTOXICATE!$AB$6) -> 2
I15: Discharge | J15: =COUNTIFS(INTOXICATE!$D$2:$D$150,">=12",INTOXICATE!$Q$2:$Q$150,$I15,INTOXICATE!$W$2:$W$150,"<>"&INTOXICATE!$AB$6) -> 66 | K15: =$J15/SUM($J$13:$J$15) -> 0.65346535 | L15: =COUNTIFS(INTOXICATE!$D$2:$D$150,">=12",INTOXICATE!$Q$2:$Q$150,$I15,INTOXICATE!$D$2:$D$150,">18",INTOXICATE!$W$2:$W$150,"<>"&INTOXICATE!$AB$6) -> 45 | M15: =COUNTIFS(INTOXICATE!$D$2:$D$150,">=12",INTOXICATE!$Q$2:$Q$150,$I15,INTOXICATE!$D$2:$D$150,"<18", INTOXICATE!$D$2:$D$150,">=12",INTOXICATE!$W$2:$W$150,"<>"&INTOXICATE!$AB$6) -> 18
A16: Gender | B16: M | C16: F | D16: NB
A17: Adult | B17: =COUNTIFS( INTOXICATE!$D$2:$D$150, ">=18", INTOXICATE!$W$2:$W$150, "<>"&INTOXICATE!$AB$6, INTOXICATE!$B$2:$B$150, B$16 ) -> 38 | C17: =COUNTIFS( INTOXICATE!$D$2:$D$150, ">=18", INTOXICATE!$W$2:$W$150, "<>"&INTOXICATE!$AB$6, INTOXICATE!$B$2:$B$150, C$16 ) -> 39 | D17: =COUNTIFS( INTOXICATE!$D$2:$D$150, ">=18", INTOXICATE!$W$2:$W$150, "<>"&INTOXICATE!$AB$6, INTOXICATE!$B$2:$B$150, D$16 ) -> 0 | P17: Higher Threshold
A18: Peds | B18: =COUNTIFS( INTOXICATE!$D$2:$D$150, "<18", INTOXICATE!$W$2:$W$150, "<>"&INTOXICATE!$AB$6, INTOXICATE!$B$2:$B$150, B$16, INTOXICATE!$D$2:$D$150,">=12" ) -> 10 | C18: =COUNTIFS( INTOXICATE!$D$2:$D$150, "<18", INTOXICATE!$W$2:$W$150, "<>"&INTOXICATE!$AB$6, INTOXICATE!$B$2:$B$150, C$16, INTOXICATE!$D$2:$D$150,">=12" ) -> 13 | D18: =COUNTIFS( INTOXICATE!$D$2:$D$150, "<18", INTOXICATE!$W$2:$W$150, "<>"&INTOXICATE!$AB$6, INTOXICATE!$B$2:$B$150, D$16, INTOXICATE!$D$2:$D$150,">=12" ) -> 1 | J18: Overall | Q18: Overall
J19: Actual | Q19: Actual
A20: SBP | I20: ICU | J20: GMF | K20: Discharge | P20: ICU | Q20: GMF | R20: Discharge
A21: Adult | B21: {=QUARTILE(_xlfn._xlws.FILTER(INTOXICATE!$F$2:$F$150, (INTOXICATE!$D$2:$D$150>=18)*(INTOXICATE!$W$2:$W$150<>INTOXICATE!$AB$6)),1)} -> 112 | C21: {=QUARTILE(_xlfn._xlws.FILTER(INTOXICATE!$F$2:$F$150, (INTOXICATE!$D$2:$D$150>=18)*(INTOXICATE!$W$2:$W$150<>INTOXICATE!$AB$6)),2)} -> 120 | D21: {=QUARTILE(_xlfn._xlws.FILTER(INTOXICATE!$F$2:$F$150, (INTOXICATE!$D$2:$D$150>=18)*(INTOXICATE!$W$2:$W$150<>INTOXICATE!$AB$6)),3)} -> 139 | H21: GMF | I21: =COUNTIFS(INTOXICATE!$W$2:$W$114,"<>"&INTOXICATE!$AB$6,INTOXICATE!$D$2:$D$114,">=12",INTOXICATE!$N$2:$N$114,$H21,INTOXICATE!$Q$2:$Q$114,I$20) -> 6 | J21: =COUNTIFS(INTOXICATE!$W$2:$W$114,"<>"&INTOXICATE!$AB$6,INTOXICATE!$D$2:$D$114,">=12",INTOXICATE!$N$2:$N$114,$H21, INTOXICATE!$Q$2:$Q$114,J$20) -> 4 | K21: =COUNTIFS(INTOXICATE!$W$2:$W$114,"<>"&INTOXICATE!$AB$6,INTOXICATE!$D$2:$D$114,">=12",INTOXICATE!$N$2:$N$114,$H21, INTOXICATE!$Q$2:$Q$114,K$20) -> 30 | O21: GMF | P21: =COUNTIFS(INTOXICATE!$W$2:$W$114,"<>"&INTOXICATE!$AB$6,INTOXICATE!$D$2:$D$114,">=12",INTOXICATE!$M$2:$M$114,$H21,INTOXICATE!$Q$2:$Q$114,P$20) -> 11 | Q21: =COUNTIFS(INTOXICATE!$W$2:$W$114,"<>"&INTOXICATE!$AB$6,INTOXICATE!$D$2:$D$114,">=12",INTOXICATE!$M$2:$M$114,$H21,INTOXICATE!$Q$2:$Q$114,Q$20) -> 15 | R21: =COUNTIFS(INTOXICATE!$W$2:$W$114,"<>"&INTOXICATE!$AB$6,INTOXICATE!$D$2:$D$114,">=12",INTOXICATE!$M$2:$M$114,$H21,INTOXICATE!$Q$2:$Q$114,R$20) -> 66
A22: Peds | B22: {=QUARTILE(_xlfn._xlws.FILTER(INTOXICATE!$F$2:$F$150,(INTOXICATE!$D$2:$D$150<18)*(INTOXICATE!$D$2:$D$150>=12)*(INTOXICATE!$W$2:$W$150<>INTOXICATE!$AB$6)),1)} -> 105.75 | C22: {=QUARTILE(_xlfn._xlws.FILTER(INTOXICATE!$F$2:$F$150,(INTOXICATE!$D$2:$D$150<18)*(INTOXICATE!$D$2:$D$150>=12)*(INTOXICATE!$W$2:$W$150<>INTOXICATE!$AB$6)),2)} -> 116 | D22: {=QUARTILE(_xlfn._xlws.FILTER(INTOXICATE!$F$2:$F$150,(INTOXICATE!$D$2:$D$150<18)*(INTOXICATE!$D$2:$D$150>=12)*(INTOXICATE!$W$2:$W$150<>INTOXICATE!$AB$6)),3)} -> 119.25 | G22: INTOXICATE | H22: ICU | I22: =COUNTIFS(INTOXICATE!$W$2:$W$114,"<>"&INTOXICATE!$AB$6,INTOXICATE!$D$2:$D$114,">=12",INTOXICATE!$N$2:$N$114,$H22,INTOXICATE!$Q$2:$Q$114,I$20) -> 13 | J22: =COUNTIFS(INTOXICATE!$W$2:$W$114,"<>"&INTOXICATE!$AB$6,INTOXICATE!$D$2:$D$114,">=12",INTOXICATE!$N$2:$N$114,$H22, INTOXICATE!$Q$2:$Q$114,J$20) -> 12 | K22: =COUNTIFS(INTOXICATE!$W$2:$W$114,"<>"&INTOXICATE!$AB$6,INTOXICATE!$D$2:$D$114,">=12",INTOXICATE!$N$2:$N$114,$H22, INTOXICATE!$Q$2:$Q$114,K$20) -> 36 | N22: INTOXICATE | O22: ICU | P22: =COUNTIFS(INTOXICATE!$W$2:$W$114,"<>"&INTOXICATE!$AB$6,INTOXICATE!$D$2:$D$114,">=12",INTOXICATE!$M$2:$M$114,$H22,INTOXICATE!$Q$2:$Q$114,P$20) -> 8 | Q22: =COUNTIFS(INTOXICATE!$W$2:$W$114,"<>"&INTOXICATE!$AB$6,INTOXICATE!$D$2:$D$114,">=12",INTOXICATE!$M$2:$M$114,$H22,INTOXICATE!$Q$2:$Q$114,Q$20) -> 1 | R22: =COUNTIFS(INTOXICATE!$W$2:$W$114,"<>"&INTOXICATE!$AB$6,INTOXICATE!$D$2:$D$114,">=12",INTOXICATE!$M$2:$M$114,$H22,INTOXICATE!$Q$2:$Q$114,R$20) -> 0
A24: Pulse | L24: =39/77 -> 0.50649351
A25: Adult | B25: {=QUARTILE(_xlfn._xlws.FILTER(INTOXICATE!$E$2:$E$150, (INTOXICATE!$D$2:$D$150>=18)*(INTOXICATE!$W$2:$W$150<>INTOXICATE!$AB$6)),1)} -> 71 | C25: {=QUARTILE(_xlfn._xlws.FILTER(INTOXICATE!$E$2:$E$150, (INTOXICATE!$D$2:$D$150>=18)*(INTOXICATE!$W$2:$W$150<>INTOXICATE!$AB$6)),2)} -> 90 | D25: {=QUARTILE(_xlfn._xlws.FILTER(INTOXICATE!$E$2:$E$150, (INTOXICATE!$D$2:$D$150>=18)*(INTOXICATE!$W$2:$W$150<>INTOXICATE!$AB$6)),3)} -> 106 | J25: Peds | Q25: Peds
A26: Peds | B26: {=QUARTILE(_xlfn._xlws.FILTER(INTOXICATE!$E$2:$E$150,(INTOXICATE!$D$2:$D$150<18)*(INTOXICATE!$D$2:$D$150>=12)*(INTOXICATE!$W$2:$W$150<>INTOXICATE!$AB$6)),1)} -> 88.75 | C26: {=QUARTILE(_xlfn._xlws.FILTER(INTOXICATE!$E$2:$E$150,(INTOXICATE!$D$2:$D$150<18)*(INTOXICATE!$D$2:$D$150>=12)*(INTOXICATE!$W$2:$W$150<>INTOXICATE!$AB$6)),2)} -> 99 | D26: {=QUARTILE(_xlfn._xlws.FILTER(INTOXICATE!$E$2:$E$150,(INTOXICATE!$D$2:$D$150<18)*(INTOXICATE!$D$2:$D$150>=12)*(INTOXICATE!$W$2:$W$150<>INTOXICATE!$AB$6)),3)} -> 110.25 | J26: Actual | Q26: Actual
I27: ICU | J27: GMF | K27: Discharge | P27: ICU | Q27: GMF | R27: Discharge
A28: 2ary Reasons | H28: GMF | I28: =COUNTIFS(INTOXICATE!$W$2:$W$114,"<>"&INTOXICATE!$AB$6,INTOXICATE!$D$2:$D$114,">=12",INTOXICATE!$N$2:$N$114,$H28,INTOXICATE!$Q$2:$Q$114,I$20,INTOXICATE!$D$2:$D$114,"<18") -> 2 | J28: =COUNTIFS(INTOXICATE!$W$2:$W$114,"<>"&INTOXICATE!$AB$6,INTOXICATE!$D$2:$D$114,">=12",INTOXICATE!$N$2:$N$114,$H28,INTOXICATE!$Q$2:$Q$114,J$20,INTOXICATE!$D$2:$D$114,"<18") -> 2 | K28: =COUNTIFS(INTOXICATE!$W$2:$W$114,"<>"&INTOXICATE!$AB$6,INTOXICATE!$D$2:$D$114,">=12",INTOXICATE!$N$2:$N$114,$H28,INTOXICATE!$Q$2:$Q$114,K$20,INTOXICATE!$D$2:$D$114,"<18") -> 9 | O28: GMF | P28: =COUNTIFS(INTOXICATE!$W$2:$W$114,"<>"&INTOXICATE!$AB$6,INTOXICATE!$D$2:$D$114,">=12",INTOXICATE!$M$2:$M$114,$H28,INTOXICATE!$Q$2:$Q$114,P$20,INTOXICATE!$D$2:$D$114,"<18") -> 3 | Q28: =COUNTIFS(INTOXICATE!$W$2:$W$114,"<>"&INTOXICATE!$AB$6,INTOXICATE!$D$2:$D$114,">=12",INTOXICATE!$M$2:$M$114,$H28,INTOXICATE!$Q$2:$Q$114,Q$20,INTOXICATE!$D$2:$D$114,"<18") -> 2 | R28: =COUNTIFS(INTOXICATE!$W$2:$W$114,"<>"&INTOXICATE!$AB$6,INTOXICATE!$D$2:$D$114,">=12",INTOXICATE!$M$2:$M$114,$H28,INTOXICATE!$Q$2:$Q$114,R$20,INTOXICATE!$D$2:$D$114,"<18") -> 18
A29: Resp | B29: =COUNTIFS( INTOXICATE!$D$2:$D$150, ">=18", INTOXICATE!$W$2:$W$150, "<>"&INTOXICATE!$AB$6, INTOXICATE!$H$2:$H$150, "Yes" ) -> 16 | C29: =COUNTIFS( INTOXICATE!$D$2:$D$150, "<18", INTOXICATE!$D$2:$D$150,">=12", INTOXICATE!$W$2:$W$150, "<>"&INTOXICATE!$AB$6, INTOXICATE!$H$2:$H$150, "Yes" ) -> 2 | G29: INTOXICATE | H29: ICU | I29: =COUNTIFS(INTOXICATE!$W$2:$W$114,"<>"&INTOXICATE!$AB$6,INTOXICATE!$D$2:$D$114,">=12",INTOXICATE!$N$2:$N$114,$H29,INTOXICATE!$Q$2:$Q$114,I$20,INTOXICATE!$D$2:$D$114,"<18") -> 2 | J29: =COUNTIFS(INTOXICATE!$W$2:$W$114,"<>"&INTOXICATE!$AB$6,INTOXICATE!$D$2:$D$114,">=12",INTOXICATE!$N$2:$N$114,$H29,INTOXICATE!$Q$2:$Q$114,J$20,INTOXICATE!$D$2:$D$114,"<18") -> 0 | K29: =COUNTIFS(INTOXICATE!$W$2:$W$114,"<>"&INTOXICATE!$AB$6,INTOXICATE!$D$2:$D$114,">=12",INTOXICATE!$N$2:$N$114,$H29,INTOXICATE!$Q$2:$Q$114,K$20,INTOXICATE!$D$2:$D$114,"<18") -> 9 | N29: INTOXICATE | O29: ICU | P29: =COUNTIFS(INTOXICATE!$W$2:$W$114,"<>"&INTOXICATE!$AB$6,INTOXICATE!$D$2:$D$114,">=12",INTOXICATE!$M$2:$M$114,$H29,INTOXICATE!$Q$2:$Q$114,P$20,INTOXICATE!$D$2:$D$114,"<18") -> 1 | Q29: =COUNTIFS(INTOXICATE!$W$2:$W$114,"<>"&INTOXICATE!$AB$6,INTOXICATE!$D$2:$D$114,">=12",INTOXICATE!$M$2:$M$114,$H29,INTOXICATE!$Q$2:$Q$114,Q$20,INTOXICATE!$D$2:$D$114,"<18") -> 0 | R29: =COUNTIFS(INTOXICATE!$W$2:$W$114,"<>"&INTOXICATE!$AB$6,INTOXICATE!$D$2:$D$114,">=12",INTOXICATE!$M$2:$M$114,$H29,INTOXICATE!$Q$2:$Q$114,R$20,INTOXICATE!$D$2:$D$114,"<18") -> 0
A30: Cirrhosis | B30: =COUNTIFS( INTOXICATE!$D$2:$D$150, ">=18", INTOXICATE!$W$2:$W$150, "<>"&INTOXICATE!$AB$6, INTOXICATE!$I$2:$I$150, "Yes" ) -> 2 | C30: =COUNTIFS( INTOXICATE!$D$2:$D$150, "<18", INTOXICATE!$D$2:$D$150,">=12", INTOXICATE!$W$2:$W$150, "<>"&INTOXICATE!$AB$6, INTOXICATE!$I$2:$I$150, "Yes" ) -> 0
A31: Dysrhythmia | B31: =COUNTIFS( INTOXICATE!$D$2:$D$150, ">=18", INTOXICATE!$W$2:$W$150, "<>"&INTOXICATE!$AB$6, INTOXICATE!$J$2:$J$150, "Yes" ) -> 28 | C31: =COUNTIFS( INTOXICATE!$D$2:$D$150, "<18", INTOXICATE!$D$2:$D$150,">=12", INTOXICATE!$W$2:$W$150, "<>"&INTOXICATE!$AB$6, INTOXICATE!$J$2:$J$150, "Yes" ) -> 12 | J31: Adult | Q31: Adult
A32: Other | B32: =COUNTIFS( INTOXICATE!$D$2:$D$150, ">=18", INTOXICATE!$W$2:$W$150, "<>"&INTOXICATE!$AB$6, INTOXICATE!$K$2:$K$150, "Yes" ) -> 1 | C32: =COUNTIFS( INTOXICATE!$D$2:$D$150, "<18", INTOXICATE!$D$2:$D$150,">=12", INTOXICATE!$W$2:$W$150, "<>"&INTOXICATE!$AB$6, INTOXICATE!$K$2:$K$150, "Yes" ) -> 0 | J32: Actual | Q32: Actual
B33: Adult | C33: Peds | I33: ICU | J33: GMF | K33: Discharge | P33: ICU | Q33: GMF | R33: Discharge
H34: GMF | I34: =COUNTIFS(INTOXICATE!$W$2:$W$114,"<>"&INTOXICATE!$AB$6,INTOXICATE!$D$2:$D$114,">=12",INTOXICATE!$N$2:$N$114,$H34,INTOXICATE!$Q$2:$Q$114,I$20,INTOXICATE!$D$2:$D$114,">18") -> 4 | J34: =COUNTIFS(INTOXICATE!$W$2:$W$114,"<>"&INTOXICATE!$AB$6,INTOXICATE!$D$2:$D$114,">=12",INTOXICATE!$N$2:$N$114,$H34,INTOXICATE!$Q$2:$Q$114,J$20,INTOXICATE!$D$2:$D$114,">18") -> 2 | K34: =COUNTIFS(INTOXICATE!$W$2:$W$114,"<>"&INTOXICATE!$AB$6, INTOXICATE!$D$2:$D$114,">=12", INTOXICATE!$N$2:$N$114,$H34, INTOXICATE!$Q$2:$Q$114,K$20, INTOXICATE!$D$2:$D$114,">18") -> 19 | O34: GMF | P34: =COUNTIFS(INTOXICATE!$W$2:$W$114,"<>"&INTOXICATE!$AB$6,INTOXICATE!$D$2:$D$114,">=12",INTOXICATE!$M$2:$M$114,$H34,INTOXICATE!$Q$2:$Q$114,P$20,INTOXICATE!$D$2:$D$114,">18") -> 8 | Q34: =COUNTIFS(INTOXICATE!$W$2:$W$114,"<>"&INTOXICATE!$AB$6,INTOXICATE!$D$2:$D$114,">=12",INTOXICATE!$M$2:$M$114,$H34,INTOXICATE!$Q$2:$Q$114,Q$20,INTOXICATE!$D$2:$D$114,">18") -> 13 | R34: =COUNTIFS(INTOXICATE!$W$2:$W$114,"<>"&INTOXICATE!$AB$6,INTOXICATE!$D$2:$D$114,">=12",INTOXICATE!$M$2:$M$114,$H34,INTOXICATE!$Q$2:$Q$114,R$20,INTOXICATE!$D$2:$D$114,">18") -> 45
A35: GCS | G35: INTOXICATE | H35: ICU | I35: =COUNTIFS(INTOXICATE!$W$2:$W$114,"<>"&INTOXICATE!$AB$6,INTOXICATE!$D$2:$D$114,">=12",INTOXICATE!$N$2:$N$114,$H35,INTOXICATE!$Q$2:$Q$114,I$20,INTOXICATE!$D$2:$D$114,">18") -> 11 | J35: =COUNTIFS(INTOXICATE!$W$2:$W$114,"<>"&INTOXICATE!$AB$6,INTOXICATE!$D$2:$D$114,">=12",INTOXICATE!$N$2:$N$114,$H35,INTOXICATE!$Q$2:$Q$114,J$20,INTOXICATE!$D$2:$D$114,">18") -> 12 | K35: =COUNTIFS(INTOXICATE!$W$2:$W$114,"<>"&INTOXICATE!$AB$6, INTOXICATE!$D$2:$D$114,">=12", INTOXICATE!$N$2:$N$114,$H35, INTOXICATE!$Q$2:$Q$114,K$20, INTOXICATE!$D$2:$D$114,">18") -> 26 | N35: INTOXICATE | O35: ICU | P35: =COUNTIFS(INTOXICATE!$W$2:$W$114,"<>"&INTOXICATE!$AB$6,INTOXICATE!$D$2:$D$114,">=12",INTOXICATE!$M$2:$M$114,$H35,INTOXICATE!$Q$2:$Q$114,P$20,INTOXICATE!$D$2:$D$114,">18") -> 7 | Q35: =COUNTIFS(INTOXICATE!$W$2:$W$114,"<>"&INTOXICATE!$AB$6,INTOXICATE!$D$2:$D$114,">=12",INTOXICATE!$M$2:$M$114,$H35,INTOXICATE!$Q$2:$Q$114,Q$20,INTOXICATE!$D$2:$D$114,">18") -> 1 | R35: =COUNTIFS(INTOXICATE!$W$2:$W$114,"<>"&INTOXICATE!$AB$6,INTOXICATE!$D$2:$D$114,">=12",INTOXICATE!$M$2:$M$114,$H35,INTOXICATE!$Q$2:$Q$114,R$20,INTOXICATE!$D$2:$D$114,">18") -> 0
A36: 3 | B36: =COUNTIFS( INTOXICATE!$D$2:$D$150, ">=18", INTOXICATE!$W$2:$W$150, "<>"&INTOXICATE!$AB$6, INTOXICATE!$G$2:$G$150, $A36 ) -> 3 | C36: =COUNTIFS( INTOXICATE!$D$2:$D$150, "<18", INTOXICATE!$D$2:$D$150, ">=12", INTOXICATE!$W$2:$W$150, "<>"&INTOXICATE!$AB$6, INTOXICATE!$G$2:$G$150, $A36 ) -> 0 | I36: =SUM(I34:I35) -> 15 | J36: =SUM(J34:J35) -> 14 | K36: =SUM(K34:K35) -> 45 | P36: =SUM(P34:P35) -> 15 | Q36: =SUM(Q34:Q35) -> 14 | R36: =SUM(R34:R35) -> 45
A37: 5 | B37: =COUNTIFS( INTOXICATE!$D$2:$D$150, ">=18", INTOXICATE!$W$2:$W$150, "<>"&INTOXICATE!$AB$6, INTOXICATE!$G$2:$G$150, $A37 ) -> 1 | C37: =COUNTIFS( INTOXICATE!$D$2:$D$150, "<18", INTOXICATE!$D$2:$D$150, ">=12", INTOXICATE!$W$2:$W$150, "<>"&INTOXICATE!$AB$6, INTOXICATE!$G$2:$G$150, $A37 ) -> 0 | I37: =I36/SUM($I$36:$K$36) -> 0.2027027 | J37: =J36/SUM($I$36:$K$36) -> 0.18918919 | K37: =K36/SUM($I$36:$K$36) -> 0.60810811
A38: 10 | B38: =COUNTIFS( INTOXICATE!$D$2:$D$150, ">=18", INTOXICATE!$W$2:$W$150, "<>"&INTOXICATE!$AB$6, INTOXICATE!$G$2:$G$150, $A38 ) -> 0 | C38: =COUNTIFS( INTOXICATE!$D$2:$D$150, "<18", INTOXICATE!$D$2:$D$150, ">=12", INTOXICATE!$W$2:$W$150, "<>"&INTOXICATE!$AB$6, INTOXICATE!$G$2:$G$150, $A38 ) -> 3
A39: 11 | B39: =COUNTIFS( INTOXICATE!$D$2:$D$150, ">=18", INTOXICATE!$W$2:$W$150, "<>"&INTOXICATE!$AB$6, INTOXICATE!$G$2:$G$150, $A39 ) -> 1 | C39: =COUNTIFS( INTOXICATE!$D$2:$D$150, "<18", INTOXICATE!$D$2:$D$150, ">=12", INTOXICATE!$W$2:$W$150, "<>"&INTOXICATE!$AB$6, INTOXICATE!$G$2:$G$150, $A39 ) -> 0
A40: 12 | B40: =COUNTIFS( INTOXICATE!$D$2:$D$150, ">=18", INTOXICATE!$W$2:$W$150, "<>"&INTOXICATE!$AB$6, INTOXICATE!$G$2:$G$150, $A40 ) -> 1 | C40: =COUNTIFS( INTOXICATE!$D$2:$D$150, "<18", INTOXICATE!$D$2:$D$150, ">=12", INTOXICATE!$W$2:$W$150, "<>"&INTOXICATE!$AB$6, INTOXICATE!$G$2:$G$150, $A40 ) -> 0
A41: 13 | B41: =COUNTIFS( INTOXICATE!$D$2:$D$150, ">=18", INTOXICATE!$W$2:$W$150, "<>"&INTOXICATE!$AB$6, INTOXICATE!$G$2:$G$150, $A41 ) -> 2 | C41: =COUNTIFS( INTOXICATE!$D$2:$D$150, "<18", INTOXICATE!$D$2:$D$150, ">=12", INTOXICATE!$W$2:$W$150, "<>"&INTOXICATE!$AB$6, INTOXICATE!$G$2:$G$150, $A41 ) -> 0
A42: 14 | B42: =COUNTIFS( INTOXICATE!$D$2:$D$150, ">=18", INTOXICATE!$W$2:$W$150, "<>"&INTOXICATE!$AB$6, INTOXICATE!$G$2:$G$150, $A42 ) -> 2 | C42: =COUNTIFS( INTOXICATE!$D$2:$D$150, "<18", INTOXICATE!$D$2:$D$150, ">=12", INTOXICATE!$W$2:$W$150, "<>"&INTOXICATE!$AB$6, INTOXICATE!$G$2:$G$150, $A42 ) -> 3 | G42: Needed ICU | I42: Tox | K42: INTOXICATE
A43: 15 | B43: =COUNTIFS( INTOXICATE!$D$2:$D$150, ">=18", INTOXICATE!$W$2:$W$150, "<>"&INTOXICATE!$AB$6, INTOXICATE!$G$2:$G$150, $A43 ) -> 67 | C43: =COUNTIFS( INTOXICATE!$D$2:$D$150, "<18", INTOXICATE!$D$2:$D$150, ">=12", INTOXICATE!$W$2:$W$150, "<>"&INTOXICATE!$AB$6, INTOXICATE!$G$2:$G$150, $A43 ) -> 18 | H43: Yes | I43: No | K43: Yes | L43: No
G44: Yes | H44: =COUNTIFS(INTOXICATE!$Q$2:$Q$115,"ICU",INTOXICATE!$U$2:$U$115,$G44) -> 11 | I44: =COUNTIFS(INTOXICATE!$Q$2:$Q$115,"<>ICU",INTOXICATE!$U$2:$U$115,$G44) -> 1 | K44: =COUNTIFS(INTOXICATE!$M$2:$M$115,"ICU",INTOXICATE!$U$2:$U$115,$G44) -> 7 | L44: =COUNTIFS(INTOXICATE!$M$2:$M$115,"<>ICU",INTOXICATE!$U$2:$U$115,$G44) -> 5
A45: Exposure Categories | G45: No | H45: =COUNTIFS(INTOXICATE!$Q$2:$Q$115,"ICU",INTOXICATE!$U$2:$U$115,$G45) -> 3 | I45: =COUNTIFS(INTOXICATE!$Q$2:$Q$115,"<>ICU",INTOXICATE!$U$2:$U$115,$G45) -> 81 | K45: =COUNTIFS(INTOXICATE!$M$2:$M$115,"ICU",INTOXICATE!$U$2:$U$115,$G45) -> 2 | L45: =COUNTIFS(INTOXICATE!$M$2:$M$115,"<>ICU",INTOXICATE!$U$2:$U$115,$G45) -> 82
A46: =INTOXICATE!AA3 -> Alcohol | B46: =COUNTIFS( INTOXICATE!$D$2:$D$150, ">=18", INTOXICATE!$W$2:$W$150, "<>"&INTOXICATE!$AB$6, INTOXICATE!$C$2:$C$150, $A46 ) -> 4 | C46: =COUNTIFS( INTOXICATE!$D$2:$D$150, "<18", INTOXICATE!$D$2:$D$150, ">=12", INTOXICATE!$W$2:$W$150, "<>"&INTOXICATE!$AB$6, INTOXICATE!$C$2:$C$150, $A46 ) -> 2 | D46: =B46/77 -> 0.051948052 | E46: =C46/24 -> 0.083333333
A47: =INTOXICATE!AA4 -> Analgesic | B47: =COUNTIFS( INTOXICATE!$D$2:$D$150, ">=18", INTOXICATE!$W$2:$W$150, "<>"&INTOXICATE!$AB$6, INTOXICATE!$C$2:$C$150, $A47 ) -> 11 | C47: =COUNTIFS( INTOXICATE!$D$2:$D$150, "<18", INTOXICATE!$D$2:$D$150, ">=12", INTOXICATE!$W$2:$W$150, "<>"&INTOXICATE!$AB$6, INTOXICATE!$C$2:$C$150, $A47 ) -> 6 | D47: =B47/77 -> 0.14285714 | E47: =C47/24 -> 0.25 | N47: Safe Downgrades
A48: =INTOXICATE!AA5 -> Antidepressants | B48: =COUNTIFS( INTOXICATE!$D$2:$D$150, ">=18", INTOXICATE!$W$2:$W$150, "<>"&INTOXICATE!$AB$6, INTOXICATE!$C$2:$C$150, $A48 ) -> 11 | C48: =COUNTIFS( INTOXICATE!$D$2:$D$150, "<18", INTOXICATE!$D$2:$D$150, ">=12", INTOXICATE!$W$2:$W$150, "<>"&INTOXICATE!$AB$6, INTOXICATE!$C$2:$C$150, $A48 ) -> 6 | D48: =B48/77 -> 0.14285714 | E48: =C48/24 -> 0.25 | N48: INTOXICATE
A49: =INTOXICATE!AA6 -> Street Drugs | B49: =COUNTIFS( INTOXICATE!$D$2:$D$150, ">=18", INTOXICATE!$W$2:$W$150, "<>"&INTOXICATE!$AB$6, INTOXICATE!$C$2:$C$150, $A49 ) -> 10 | C49: =COUNTIFS( INTOXICATE!$D$2:$D$150, "<18", INTOXICATE!$D$2:$D$150, ">=12", INTOXICATE!$W$2:$W$150, "<>"&INTOXICATE!$AB$6, INTOXICATE!$C$2:$C$150, $A49 ) -> 5 | D49: =B49/77 -> 0.12987013 | E49: =C49/24 -> 0.20833333 | N49: Yes | O49: No
A50: =INTOXICATE!AA7 -> Sedatives | B50: =COUNTIFS( INTOXICATE!$D$2:$D$150, ">=18", INTOXICATE!$W$2:$W$150, "<>"&INTOXICATE!$AB$6, INTOXICATE!$C$2:$C$150, $A50 ) -> 6 | C50: =COUNTIFS( INTOXICATE!$D$2:$D$150, "<18", INTOXICATE!$D$2:$D$150, ">=12", INTOXICATE!$W$2:$W$150, "<>"&INTOXICATE!$AB$6, INTOXICATE!$C$2:$C$150, $A50 ) -> 0 | D50: =B50/77 -> 0.077922078 | E50: =C50/24 -> 0 | L50: Tox | M50: Yes | N50: =COUNTIFS(INTOXICATE!$M$2:$M$115,"ICU",INTOXICATE!$U$2:$U$115,"Yes", INTOXICATE!$Q$2:$Q$115,"ICU") -> 7 | O50: =COUNTIFS(INTOXICATE!$M$2:$M$115,"<>ICU",INTOXICATE!$U$2:$U$115,"Yes", INTOXICATE!$Q$2:$Q$115,"ICU") -> 4
A51: =INTOXICATE!AA8 -> CO, As, CN | B51: =COUNTIFS( INTOXICATE!$D$2:$D$150, ">=18", INTOXICATE!$W$2:$W$150, "<>"&INTOXICATE!$AB$6, INTOXICATE!$C$2:$C$150, $A51 ) -> 9 | C51: =COUNTIFS( INTOXICATE!$D$2:$D$150, "<18", INTOXICATE!$D$2:$D$150, ">=12", INTOXICATE!$W$2:$W$150, "<>"&INTOXICATE!$AB$6, INTOXICATE!$C$2:$C$150, $A51 ) -> 0 | D51: =B51/77 -> 0.11688312 | E51: =C51/24 -> 0 | M51: No | N51: =COUNTIFS(INTOXICATE!$M$2:$M$115,"ICU",INTOXICATE!$U$2:$U$115,"Yes", INTOXICATE!$Q$2:$Q$115,"<>ICU") -> 0 | O51: =COUNTIFS(INTOXICATE!$M$2:$M$115,"<>ICU",INTOXICATE!$U$2:$U$115,"Yes", INTOXICATE!$Q$2:$Q$115,"<>ICU") -> 1
A52: =INTOXICATE!AA9 -> Unknown | B52: =COUNTIFS( INTOXICATE!$D$2:$D$150, ">=18", INTOXICATE!$W$2:$W$150, "<>"&INTOXICATE!$AB$6, INTOXICATE!$C$2:$C$150, $A52 ) -> 11 | C52: =COUNTIFS( INTOXICATE!$D$2:$D$150, "<18", INTOXICATE!$D$2:$D$150, ">=12", INTOXICATE!$W$2:$W$150, "<>"&INTOXICATE!$AB$6, INTOXICATE!$C$2:$C$150, $A52 ) -> 4 | D52: =B52/77 -> 0.14285714 | E52: =C52/24 -> 0.16666667
A53: =INTOXICATE!AA10 -> Combination | B53: =COUNTIFS( INTOXICATE!$D$2:$D$150, ">=18", INTOXICATE!$W$2:$W$150, "<>"&INTOXICATE!$AB$6, INTOXICATE!$C$2:$C$150, $A53 ) -> 15 | C53: =COUNTIFS( INTOXICATE!$D$2:$D$150, "<18", INTOXICATE!$D$2:$D$150, ">=12", INTOXICATE!$W$2:$W$150, "<>"&INTOXICATE!$AB$6, INTOXICATE!$C$2:$C$150, $A53 ) -> 1 | D53: =B53/77 -> 0.19480519 | E53: =C53/24 -> 0.041666667

Sheet Smartsheet not in report
A1: DOS | B1: Name | C1: MRN | D1: Notes
A2: 45026 | B2: Azamat Kutlukov | C2: 1205351623 | D2: Dr. Rao "progress note" Inpatient consult to toxicology CON67 in referrals but "order status" says canceled
A3: 45026 | B3: Aurelian Asad | C3: 1400844846 | D3: Dr. Rao "progress note" Inpatient consult to toxicology CON67 in referrals but "order status" says canceled
A4: 45027 | B4: Brianna Olamiju | C4: 1100584785 | D4: Dr. Rao "progress note" Inpatient consult to toxicology CON67 in referrals but "order status" says canceled
A5: 45027 | B5: Sharlyn Singh | C5: 1401175674 | D5: Dr. Rao "consult" Inpatient consult to toxicology CON67 in referrals Completed consult to toxicology in Orders
A6: 45027 | B6: Alexander Gottdiener | C6: 1007731399
A7: 45027 | B7: Constance Desena | C7: 1401178427
A8: 45028 | B8: Vicki Stafford | C8: 1000422530
A9: 45028 | B9: Kupferstein Nusy | C9: 1203455978
A10: 45028 | B10: Emilia Saysette | C10: 1401179331
A11: 45028 | B11: Barbara P Parker | C11: 1008038019
A12: 45030 | B12: Samantha Philips | C12: 1102776593
A13: 45031 | B13: Gemma Stanger | C13: 1401183624
A14: 45033 | B14: Archea Hyacinthe | C14: 1006922086 | D14: (note this is a different MRN than Smartsheet, the one listed there does not pull up any patient records)
A15: 45034 | B15: Jeffrey Slater | C15: 1007133642
A16: 45034 | B16: Solmaria Hernandez | C16: 1007930850
A17: 45037 | B17: Narine Budram | C17: 1401187351
A18: 45038 | B18: Matthew Heras Galaby | C18: 1201324361
A19: 45039 | B19: Kasey Chatterji | C19: 1400432623 | D19: Dr. Rao "progress note" Inpatient consult to toxicology CON67 in referrals but "order status" says canceled
A20: 45039 | B20: Narda Mendez | C20: 1000565302 | D20: Dr. Rao "consult" Inpatient consult to toxicology CON67 in referrals but "order status" says canceled
A21: 45045 | B21: Anthony Locascio | C21: 1203280315 | D21: Dr. Rao "progress note" Inpatient consult to toxicology CON67 in referrals but "order status" says canceled
A22: 45045 | B22: Jonathan Zahavi | C22: 1010356971 | D22: Dr. Rao "progress note" Inpatient consult to toxicology CON67 in referrals but "order status" says canceled
A23: 45046 | B23: Georgevich Bogdan | C23: 1101654813 | D23: Dr. Rao "progress note" Inpatient consult to toxicology CON67 in referrals but "order status" says canceled
A24: 45046 | B24: Scarlett Beckman | C24: 1401201782 | D24: Dr. Rao "progress note" Inpatient consult to toxicology CON67 in referrals but "order status" says canceled
A25: 45047 | B25: Seanna Elliott | C25: 1006067284 | D25: Dr. Rao "progress note" No referral or consult orders in chart under encounters this is listed as a standalone "E-Consult"
A26: 45049 | B26: Yisroel Armel | C26: 1401011614 | D26: no tox note however there is a referral with a canceled order status
A27: 45051 | B27: Ana Santiago | C27: 1010489188 | D27: no tox note or referral for this patient - Dr. Rao was the incoming attending for the patient
A28: 45052 | B28: Kaden V Salley | C28: 1400316000 | D28: Dr. Rao "progress note" Inpatient consult to toxicology CON67 in referrals but "order status" says canceled
A29: 45053 | B29: Catherine Chin | C29: 1400163746 | D29: Dr. Rao "progress note" Inpatient consult to toxicology CON67 in referrals but "order status" says canceled
A30: 45071 | B30: Osyrus Gonzalez | C30: 1401210629 | D30: Dr. Rao "progress note" Inpatient consult to toxicology CON67 in referrals but "order status" says canceled
... A42: 45111 | B42: Kendall Gonzalez | C42: 1203195479 | D42: Dr. Rao "Consult" Inpatient consult to toxicology CON67 in referrals but "order status" says canceled
